"projectLabel","canineFovea","gearName","ldogFix","rootSession","EPI_01","ConfigKeys","{'archiveName','smoothingSigma','convertToPercentChangeSignal','makePseudoHemisphere','regressGlobalSignal'}","ConfigVals","{archiveName,'NA','true','true','false'}",,,,,,,,,,,,,,,,,,,,,,,,,,,,,,,,,,,
"Inputs","EPI_01","EPI_02","EPI_03","EPI_04","EPI_05","EPI_06","EPI_07","EPI_08","EPI_09","EPI_10","EPI_11","EPI_12","EPI_13","EPI_14","EPI_15","EPI_16","EPI_17","EPI_18","EPI_19","EPI_20","raw_EPI_01","raw_EPI_02","raw_EPI_03","raw_EPI_04","raw_EPI_05","raw_EPI_06","raw_EPI_07","raw_EPI_08","raw_EPI_09","raw_EPI_10","raw_EPI_11","raw_EPI_12","raw_EPI_13","raw_EPI_14","raw_EPI_15","raw_EPI_16","raw_EPI_17","raw_EPI_18","raw_EPI_19","raw_EPI_20","stimFile","archiveName","analysisSubmissionTag",
"DefaultLabel",,,,,,,,,,,,,,,,,,,,,,,,,,,,,,,,,,,,,,,,,,,,
"FileSuffix","zip","zip","zip","zip","zip","zip","zip","zip","zip","zip","zip","zip","zip","zip","zip","zip","zip","zip","zip","zip","nifti","nifti","nifti","nifti","nifti","nifti","nifti","nifti","nifti","nifti","nifti","nifti","nifti","nifti","nifti","nifti","nifti","nifti","nifti","nifti","mat",,,
"ContainerType","analysis","analysis","analysis","analysis","analysis","analysis","analysis","analysis","analysis","analysis","analysis","analysis","analysis","analysis","analysis","analysis","analysis","analysis","analysis","analysis","acquisition","acquisition","acquisition","acquisition","acquisition","acquisition","acquisition","acquisition","acquisition","acquisition","acquisition","acquisition","acquisition","acquisition","acquisition","acquisition","acquisition","acquisition","acquisition","acquisition","project","config",,
"ExactStringMatch",0,0,0,0,0,0,0,0,0,0,0,0,0,0,0,0,0,0,0,0,0,0,0,0,0,0,0,0,0,0,0,0,0,0,0,0,0,0,0,0,0,,,"Notes"
,,,,,,,,,,,,,,,,,,,,,,,,,,,,,,,,,,,,,,,,,,,,
"EM404","EM404/maxFlicker_2.2/ldogfunc/EM404_MaxFlicker_LeftEye_run04_preprocessedFunc.zip","EM404/maxFlicker_2.2/ldogfunc/EM404_MaxFlicker_LeftEye_run05_preprocessedFunc.zip","EM404/maxFlicker_2.2/ldogfunc/EM404_MaxFlicker_LeftEye_run06_preprocessedFunc.zip","EM404/maxFlicker_2.2/ldogfunc/EM404_MaxFlicker_LeftEye_run10_preprocessedFunc.zip","EM404/maxFlicker_2.2/ldogfunc/EM404_MaxFlicker_LeftEye_run11_preprocessedFunc.zip","EM404/maxFlicker_2.2/ldogfunc/EM404_MaxFlicker_LeftEye_run12_preprocessedFunc.zip","EM404/maxFlicker_2.2/ldogfunc/EM404_MaxFlicker_LeftEye_run16_preprocessedFunc.zip","EM404/maxFlicker_2.2/ldogfunc/EM404_MaxFlicker_LeftEye_run17_preprocessedFunc.zip","EM404/maxFlicker_2.2/ldogfunc/EM404_MaxFlicker_LeftEye_run18_preprocessedFunc.zip",,,,,,,,,,,,"EM404/maxFlicker_2.2/BOLD_MB1_iPAT2_PA_112Reps_MaxFlicker_LeftEye_04","EM404/maxFlicker_2.2/BOLD_MB1_iPAT2_AP_112Reps_MaxFlicker_LeftEye_05","EM404/maxFlicker_2.2/BOLD_MB1_iPAT2_PA_112Reps_MaxFlicker_LeftEye_06","EM404/maxFlicker_2.2/BOLD_MB1_iPAT2_PA_112Reps_MaxFlicker_LeftEye_10","EM404/maxFlicker_2.2/BOLD_MB1_iPAT2_AP_112Reps_MaxFlicker_LeftEye_11","EM404/maxFlicker_2.2/BOLD_MB1_iPAT2_PA_112Reps_MaxFlicker_LeftEye_12","EM404/maxFlicker_2.2/BOLD_MB1_iPAT2_PA_112Reps_MaxFlicker_LeftEye_16","EM404/maxFlicker_2.2/BOLD_MB1_iPAT2_AP_112Reps_MaxFlicker_LeftEye_17","EM404/maxFlicker_2.2/BOLD_MB1_iPAT2_PA_112Reps_MaxFlicker_LeftEye_18",,,,,,,,,,,,"lightFluxFlicker_1x112_On=1.mat","'EM404_maxFlicker_LeftEye'","EM404_maxFlicker_LeftEye",
"EM404","EM404/maxFlicker_2.1/ldogfunc/EM404_MaxFlicker_RightEye_run01_preprocessedFunc.zip","EM404/maxFlicker_2.1/ldogfunc/EM404_MaxFlicker_RightEye_run02_preprocessedFunc.zip","EM404/maxFlicker_2.1/ldogfunc/EM404_MaxFlicker_RightEye_run03_preprocessedFunc.zip","EM404/maxFlicker_2.2/ldogfunc/EM404_MaxFlicker_RightEye_run07_preprocessedFunc.zip","EM404/maxFlicker_2.2/ldogfunc/EM404_MaxFlicker_RightEye_run08_preprocessedFunc.zip","EM404/maxFlicker_2.2/ldogfunc/EM404_MaxFlicker_RightEye_run09_preprocessedFunc.zip","EM404/maxFlicker_2.2/ldogfunc/EM404_MaxFlicker_RightEye_run13_preprocessedFunc.zip","EM404/maxFlicker_2.2/ldogfunc/EM404_MaxFlicker_RightEye_run14_preprocessedFunc.zip","EM404/maxFlicker_2.2/ldogfunc/EM404_MaxFlicker_RightEye_run15_preprocessedFunc.zip",,,,,,,,,,,,"EM404/maxFlicker_2.1/BOLD_MB1_iPAT2_AP_112Reps_MaxFlicker_RightEye_01","EM404/maxFlicker_2.1/BOLD_MB1_iPAT2_PA_112Reps_MaxFlicker_RightEye_02","EM404/maxFlicker_2.1/BOLD_MB1_iPAT2_AP_112Reps_MaxFlicker_RightEye_03","EM404/maxFlicker_2.2/BOLD_MB1_iPAT2_AP_112Reps_MaxFlicker_RightEye_07","EM404/maxFlicker_2.2/BOLD_MB1_iPAT2_PA_112Reps_MaxFlicker_RightEye_08","EM404/maxFlicker_2.2/BOLD_MB1_iPAT2_AP_112Reps_MaxFlicker_RightEye_09","EM404/maxFlicker_2.2/BOLD_MB1_iPAT2_AP_112Reps_MaxFlicker_RightEye_13","EM404/maxFlicker_2.2/BOLD_MB1_iPAT2_PA_112Reps_MaxFlicker_RightEye_14","EM404/maxFlicker_2.2/BOLD_MB1_iPAT2_AP_112Reps_MaxFlicker_RightEye_15",,,,,,,,,,,,"lightFluxFlicker_1x112_On=1.mat","'EM404_maxFlicker_RightEye'","EM404_maxFlicker_RightEye",
,,,,,,,,,,,,,,,,,,,,,,,,,,,,,,,,,,,,,,,,,,,,
"EM404","EM404/maxFlicker/ldogfunc/EM404_MaxFlicker_LeftEye_run04_preprocessedFunc.zip","EM404/maxFlicker/ldogfunc/EM404_MaxFlicker_LeftEye_run05_preprocessedFunc.zip","EM404/maxFlicker/ldogfunc/EM404_MaxFlicker_LeftEye_run06_preprocessedFunc.zip","EM404/maxFlicker/ldogfunc/EM404_MaxFlicker_LeftEye_run10_preprocessedFunc.zip","EM404/maxFlicker/ldogfunc/EM404_MaxFlicker_LeftEye_run11_preprocessedFunc.zip","EM404/maxFlicker/ldogfunc/EM404_MaxFlicker_LeftEye_run12_preprocessedFunc.zip","EM404/maxFlicker/ldogfunc/EM404_MaxFlicker_LeftEye_run16_preprocessedFunc.zip","EM404/maxFlicker/ldogfunc/EM404_MaxFlicker_LeftEye_run17_preprocessedFunc.zip","EM404/maxFlicker/ldogfunc/EM404_MaxFlicker_LeftEye_run18_preprocessedFunc.zip",,,,,,,,,,,,"EM404/maxFlicker/BOLD_MB1_iPAT2_PA_112Reps_MaxFlicker_LeftEye_04","EM404/maxFlicker/BOLD_MB1_iPAT2_AP_112Reps_MaxFlicker_LeftEye_05","EM404/maxFlicker/BOLD_MB1_iPAT2_PA_112Reps_MaxFlicker_LeftEye_06","EM404/maxFlicker/BOLD_MB1_iPAT2_PA_112Reps_MaxFlicker_LeftEye_10","EM404/maxFlicker/BOLD_MB1_iPAT2_AP_112Reps_MaxFlicker_LeftEye_11","EM404/maxFlicker/BOLD_MB1_iPAT2_PA_112Reps_MaxFlicker_LeftEye_12","EM404/maxFlicker/BOLD_MB1_iPAT2_PA_112Reps_MaxFlicker_LeftEye_16","EM404/maxFlicker/BOLD_MB1_iPAT2_AP_112Reps_MaxFlicker_LeftEye_17","EM404/maxFlicker/BOLD_MB1_iPAT2_PA_112Reps_MaxFlicker_LeftEye_18",,,,,,,,,,,,"lightFluxFlicker_1x112_On=1.mat","'EM404_maxFlicker_LeftEye'","EM404_maxFlicker_LeftEye",
"EM404","EM404/maxFlicker/ldogfunc/EM404_MaxFlicker_RightEye_run01_preprocessedFunc.zip","EM404/maxFlicker/ldogfunc/EM404_MaxFlicker_RightEye_run02_preprocessedFunc.zip","EM404/maxFlicker/ldogfunc/EM404_MaxFlicker_RightEye_run03_preprocessedFunc.zip","EM404/maxFlicker/ldogfunc/EM404_MaxFlicker_RightEye_run07_preprocessedFunc.zip","EM404/maxFlicker/ldogfunc/EM404_MaxFlicker_RightEye_run08_preprocessedFunc.zip","EM404/maxFlicker/ldogfunc/EM404_MaxFlicker_RightEye_run09_preprocessedFunc.zip","EM404/maxFlicker/ldogfunc/EM404_MaxFlicker_RightEye_run13_preprocessedFunc.zip","EM404/maxFlicker/ldogfunc/EM404_MaxFlicker_RightEye_run14_preprocessedFunc.zip","EM404/maxFlicker/ldogfunc/EM404_MaxFlicker_RightEye_run15_preprocessedFunc.zip",,,,,,,,,,,,"EM404/maxFlicker/BOLD_MB1_iPAT2_AP_112Reps_MaxFlicker_RightEye_01","EM404/maxFlicker/BOLD_MB1_iPAT2_PA_112Reps_MaxFlicker_RightEye_02","EM404/maxFlicker/BOLD_MB1_iPAT2_AP_112Reps_MaxFlicker_RightEye_03","EM404/maxFlicker/BOLD_MB1_iPAT2_AP_112Reps_MaxFlicker_RightEye_07","EM404/maxFlicker/BOLD_MB1_iPAT2_PA_112Reps_MaxFlicker_RightEye_08","EM404/maxFlicker/BOLD_MB1_iPAT2_AP_112Reps_MaxFlicker_RightEye_09","EM404/maxFlicker/BOLD_MB1_iPAT2_AP_112Reps_MaxFlicker_RightEye_13","EM404/maxFlicker/BOLD_MB1_iPAT2_PA_112Reps_MaxFlicker_RightEye_14","EM404/maxFlicker/BOLD_MB1_iPAT2_AP_112Reps_MaxFlicker_RightEye_15",,,,,,,,,,,,"lightFluxFlicker_1x112_On=1.mat","'EM404_maxFlicker_RightEye'","EM404_maxFlicker_RightEye",
,,,,,,,,,,,,,,,,,,,,,,,,,,,,,,,,,,,,,,,,,,,,
"EM533","EM533/maxFlicker/ldogfunc/EM533_MaxFlicker_LeftEye_run04_preprocessedFunc.zip","EM533/maxFlicker/ldogfunc/EM533_MaxFlicker_LeftEye_run05_preprocessedFunc.zip","EM533/maxFlicker/ldogfunc/EM533_MaxFlicker_LeftEye_run06_preprocessedFunc.zip","EM533/maxFlicker/ldogfunc/EM533_MaxFlicker_LeftEye_run10_preprocessedFunc.zip","EM533/maxFlicker/ldogfunc/EM533_MaxFlicker_LeftEye_run11_preprocessedFunc.zip","EM533/maxFlicker/ldogfunc/EM533_MaxFlicker_LeftEye_run12_preprocessedFunc.zip","EM533/maxFlicker/ldogfunc/EM533_MaxFlicker_LeftEye_run16_preprocessedFunc.zip","EM533/maxFlicker/ldogfunc/EM533_MaxFlicker_LeftEye_run17_preprocessedFunc.zip","EM533/maxFlicker/ldogfunc/EM533_MaxFlicker_LeftEye_run18_preprocessedFunc.zip",,,,,,,,,,,,"EM533/maxFlicker/BOLD_MB1_iPAT2_PA_112Reps_MaxFlicker_LeftEye_04","EM533/maxFlicker/BOLD_MB1_iPAT2_AP_112Reps_MaxFlicker_LeftEye_05","EM533/maxFlicker/BOLD_MB1_iPAT2_PA_112Reps_MaxFlicker_LeftEye_06","EM533/maxFlicker/BOLD_MB1_iPAT2_PA_112Reps_MaxFlicker_LeftEye_10","EM533/maxFlicker/BOLD_MB1_iPAT2_AP_112Reps_MaxFlicker_LeftEye_11","EM533/maxFlicker/BOLD_MB1_iPAT2_PA_112Reps_MaxFlicker_LeftEye_12","EM533/maxFlicker/BOLD_MB1_iPAT2_PA_112Reps_MaxFlicker_LeftEye_16","EM533/maxFlicker/BOLD_MB1_iPAT2_AP_112Reps_MaxFlicker_LeftEye_17","EM533/maxFlicker/BOLD_MB1_iPAT2_PA_112Reps_MaxFlicker_LeftEye_18",,,,,,,,,,,,"lightFluxFlicker_1x112_On=1.mat","'EM533_maxFlicker_LeftEye'","EM533_maxFlicker_LeftEye",
"EM533","EM533/maxFlicker/ldogfunc/EM533_MaxFlicker_RightEye_run01_preprocessedFunc.zip","EM533/maxFlicker/ldogfunc/EM533_MaxFlicker_RightEye_run02_preprocessedFunc.zip","EM533/maxFlicker/ldogfunc/EM533_MaxFlicker_RightEye_run03_preprocessedFunc.zip","EM533/maxFlicker/ldogfunc/EM533_MaxFlicker_RightEye_run07_preprocessedFunc.zip","EM533/maxFlicker/ldogfunc/EM533_MaxFlicker_RightEye_run08_preprocessedFunc.zip","EM533/maxFlicker/ldogfunc/EM533_MaxFlicker_RightEye_run09_preprocessedFunc.zip","EM533/maxFlicker/ldogfunc/EM533_MaxFlicker_RightEye_run13_preprocessedFunc.zip","EM533/maxFlicker/ldogfunc/EM533_MaxFlicker_RightEye_run14_preprocessedFunc.zip","EM533/maxFlicker/ldogfunc/EM533_MaxFlicker_RightEye_run15_preprocessedFunc.zip",,,,,,,,,,,,"EM533/maxFlicker/BOLD_MB1_iPAT2_AP_112Reps_MaxFlicker_RightEye_01","EM533/maxFlicker/BOLD_MB1_iPAT2_PA_112Reps_MaxFlicker_RightEye_02","EM533/maxFlicker/BOLD_MB1_iPAT2_AP_112Reps_MaxFlicker_RightEye_03","EM533/maxFlicker/BOLD_MB1_iPAT2_AP_112Reps_MaxFlicker_RightEye_07","EM533/maxFlicker/BOLD_MB1_iPAT2_PA_112Reps_MaxFlicker_RightEye_08","EM533/maxFlicker/BOLD_MB1_iPAT2_AP_112Reps_MaxFlicker_RightEye_09","EM533/maxFlicker/BOLD_MB1_iPAT2_AP_112Reps_MaxFlicker_RightEye_13","EM533/maxFlicker/BOLD_MB1_iPAT2_PA_112Reps_MaxFlicker_RightEye_14","EM533/maxFlicker/BOLD_MB1_iPAT2_AP_112Reps_MaxFlicker_RightEye_15",,,,,,,,,,,,"lightFluxFlicker_1x112_On=1.mat","'EM533_maxFlicker_RightEye'","EM533_maxFlicker_RightEye",
,,,,,,,,,,,,,,,,,,,,,,,,,,,,,,,,,,,,,,,,,,,,
"EM532","EM532/maxFlicker/ldogfunc/EM532_MaxFlicker_LeftEye_run04_preprocessedFunc.zip","EM532/maxFlicker/ldogfunc/EM532_MaxFlicker_LeftEye_run05_preprocessedFunc.zip","EM532/maxFlicker/ldogfunc/EM532_MaxFlicker_LeftEye_run06_preprocessedFunc.zip","EM532/maxFlicker/ldogfunc/EM532_MaxFlicker_LeftEye_run10_preprocessedFunc.zip","EM532/maxFlicker/ldogfunc/EM532_MaxFlicker_LeftEye_run11_preprocessedFunc.zip","EM532/maxFlicker/ldogfunc/EM532_MaxFlicker_LeftEye_run12_preprocessedFunc.zip","EM532/maxFlicker/ldogfunc/EM532_MaxFlicker_LeftEye_run16_preprocessedFunc.zip","EM532/maxFlicker/ldogfunc/EM532_MaxFlicker_LeftEye_run17_preprocessedFunc.zip","EM532/maxFlicker/ldogfunc/EM532_MaxFlicker_LeftEye_run18_preprocessedFunc.zip",,,,,,,,,,,,"EM532/maxFlicker/BOLD_MB1_iPAT2_PA_112Reps_MaxFlicker_LeftEye_04","EM532/maxFlicker/BOLD_MB1_iPAT2_AP_112Reps_MaxFlicker_LeftEye_05","EM532/maxFlicker/BOLD_MB1_iPAT2_PA_112Reps_MaxFlicker_LeftEye_06","EM532/maxFlicker/BOLD_MB1_iPAT2_PA_112Reps_MaxFlicker_LeftEye_10","EM532/maxFlicker/BOLD_MB1_iPAT2_AP_112Reps_MaxFlicker_LeftEye_11","EM532/maxFlicker/BOLD_MB1_iPAT2_PA_112Reps_MaxFlicker_LeftEye_12","EM532/maxFlicker/BOLD_MB1_iPAT2_PA_112Reps_MaxFlicker_LeftEye_16","EM532/maxFlicker/BOLD_MB1_iPAT2_AP_112Reps_MaxFlicker_LeftEye_17","EM532/maxFlicker/BOLD_MB1_iPAT2_PA_112Reps_MaxFlicker_LeftEye_18",,,,,,,,,,,,"lightFluxFlicker_1x112_On=1.mat","'EM532_maxFlicker_LeftEye'","EM532_maxFlicker_LeftEye",
"EM532","EM532/maxFlicker/ldogfunc/EM532_MaxFlicker_RightEye_run01_preprocessedFunc.zip","EM532/maxFlicker/ldogfunc/EM532_MaxFlicker_RightEye_run02_preprocessedFunc.zip","EM532/maxFlicker/ldogfunc/EM532_MaxFlicker_RightEye_run03_preprocessedFunc.zip","EM532/maxFlicker/ldogfunc/EM532_MaxFlicker_RightEye_run07_preprocessedFunc.zip","EM532/maxFlicker/ldogfunc/EM532_MaxFlicker_RightEye_run08_preprocessedFunc.zip","EM532/maxFlicker/ldogfunc/EM532_MaxFlicker_RightEye_run09_preprocessedFunc.zip","EM532/maxFlicker/ldogfunc/EM532_MaxFlicker_RightEye_run13_preprocessedFunc.zip","EM532/maxFlicker/ldogfunc/EM532_MaxFlicker_RightEye_run14_preprocessedFunc.zip","EM532/maxFlicker/ldogfunc/EM532_MaxFlicker_RightEye_run15_preprocessedFunc.zip",,,,,,,,,,,,"EM532/maxFlicker/BOLD_MB1_iPAT2_AP_112Reps_MaxFlicker_RightEye_01","EM532/maxFlicker/BOLD_MB1_iPAT2_PA_112Reps_MaxFlicker_RightEye_02","EM532/maxFlicker/BOLD_MB1_iPAT2_AP_112Reps_MaxFlicker_RightEye_03","EM532/maxFlicker/BOLD_MB1_iPAT2_AP_112Reps_MaxFlicker_RightEye_07","EM532/maxFlicker/BOLD_MB1_iPAT2_PA_112Reps_MaxFlicker_RightEye_08","EM532/maxFlicker/BOLD_MB1_iPAT2_AP_112Reps_MaxFlicker_RightEye_09","EM532/maxFlicker/BOLD_MB1_iPAT2_AP_112Reps_MaxFlicker_RightEye_13","EM532/maxFlicker/BOLD_MB1_iPAT2_PA_112Reps_MaxFlicker_RightEye_14","EM532/maxFlicker/BOLD_MB1_iPAT2_AP_112Reps_MaxFlicker_RightEye_15",,,,,,,,,,,,"lightFluxFlicker_1x112_On=1.mat","'EM532_maxFlicker_RightEye'","EM532_maxFlicker_RightEye",
,,,,,,,,,,,,,,,,,,,,,,,,,,,,,,,,,,,,,,,,,,,,
"EM499","EM499/maxFlicker/ldogfunc/EM499_MaxFlicker_LeftEye_run04_preprocessedFunc.zip","EM499/maxFlicker/ldogfunc/EM499_MaxFlicker_LeftEye_run05_preprocessedFunc.zip","EM499/maxFlicker/ldogfunc/EM499_MaxFlicker_LeftEye_run06_preprocessedFunc.zip","EM499/maxFlicker/ldogfunc/EM499_MaxFlicker_LeftEye_run10_preprocessedFunc.zip","EM499/maxFlicker/ldogfunc/EM499_MaxFlicker_LeftEye_run11_preprocessedFunc.zip","EM499/maxFlicker/ldogfunc/EM499_MaxFlicker_LeftEye_run12_preprocessedFunc.zip","EM499/maxFlicker/ldogfunc/EM499_MaxFlicker_LeftEye_run16_preprocessedFunc.zip","EM499/maxFlicker/ldogfunc/EM499_MaxFlicker_LeftEye_run17_preprocessedFunc.zip","EM499/maxFlicker/ldogfunc/EM499_MaxFlicker_LeftEye_run18_preprocessedFunc.zip",,,,,,,,,,,,"EM499/maxFlicker/BOLD_MB1_iPAT2_PA_112Reps_MaxFlicker_LeftEye_04","EM499/maxFlicker/BOLD_MB1_iPAT2_AP_112Reps_MaxFlicker_LeftEye_05","EM499/maxFlicker/BOLD_MB1_iPAT2_PA_112Reps_MaxFlicker_LeftEye_06","EM499/maxFlicker/BOLD_MB1_iPAT2_PA_112Reps_MaxFlicker_LeftEye_10","EM499/maxFlicker/BOLD_MB1_iPAT2_AP_112Reps_MaxFlicker_LeftEye_11","EM499/maxFlicker/BOLD_MB1_iPAT2_PA_112Reps_MaxFlicker_LeftEye_12","EM499/maxFlicker/BOLD_MB1_iPAT2_PA_112Reps_MaxFlicker_LeftEye_16","EM499/maxFlicker/BOLD_MB1_iPAT2_AP_112Reps_MaxFlicker_LeftEye_17","EM499/maxFlicker/BOLD_MB1_iPAT2_PA_112Reps_MaxFlicker_LeftEye_18",,,,,,,,,,,,"lightFluxFlicker_1x112_On=1.mat","'EM499_maxFlicker_LeftEye'","EM499_maxFlicker_LeftEye",
"EM499","EM499/maxFlicker/ldogfunc/EM499_MaxFlicker_RightEye_run01_preprocessedFunc.zip","EM499/maxFlicker/ldogfunc/EM499_MaxFlicker_RightEye_run02_preprocessedFunc.zip","EM499/maxFlicker/ldogfunc/EM499_MaxFlicker_RightEye_run03_preprocessedFunc.zip","EM499/maxFlicker/ldogfunc/EM499_MaxFlicker_RightEye_run07_preprocessedFunc.zip","EM499/maxFlicker/ldogfunc/EM499_MaxFlicker_RightEye_run08_preprocessedFunc.zip","EM499/maxFlicker/ldogfunc/EM499_MaxFlicker_RightEye_run09_preprocessedFunc.zip","EM499/maxFlicker/ldogfunc/EM499_MaxFlicker_RightEye_run13_preprocessedFunc.zip","EM499/maxFlicker/ldogfunc/EM499_MaxFlicker_RightEye_run14_preprocessedFunc.zip","EM499/maxFlicker/ldogfunc/EM499_MaxFlicker_RightEye_run15_preprocessedFunc.zip",,,,,,,,,,,,"EM499/maxFlicker/BOLD_MB1_iPAT2_AP_112Reps_MaxFlicker_RightEye_01","EM499/maxFlicker/BOLD_MB1_iPAT2_PA_112Reps_MaxFlicker_RightEye_02","EM499/maxFlicker/BOLD_MB1_iPAT2_AP_112Reps_MaxFlicker_RightEye_03","EM499/maxFlicker/BOLD_MB1_iPAT2_AP_112Reps_MaxFlicker_RightEye_07","EM499/maxFlicker/BOLD_MB1_iPAT2_PA_112Reps_MaxFlicker_RightEye_08","EM499/maxFlicker/BOLD_MB1_iPAT2_AP_112Reps_MaxFlicker_RightEye_09","EM499/maxFlicker/BOLD_MB1_iPAT2_AP_112Reps_MaxFlicker_RightEye_13","EM499/maxFlicker/BOLD_MB1_iPAT2_PA_112Reps_MaxFlicker_RightEye_14","EM499/maxFlicker/BOLD_MB1_iPAT2_AP_112Reps_MaxFlicker_RightEye_15",,,,,,,,,,,,"lightFluxFlicker_1x112_On=1.mat","'EM499_maxFlicker_RightEye'","EM499_maxFlicker_RightEye",
,,,,,,,,,,,,,,,,,,,,,,,,,,,,,,,,,,,,,,,,,,,,
"EM501","EM501/maxFlicker/ldogfunc/EM501_MaxFlicker_LeftEye_run04_preprocessedFunc.zip","EM501/maxFlicker/ldogfunc/EM501_MaxFlicker_LeftEye_run05_preprocessedFunc.zip","EM501/maxFlicker/ldogfunc/EM501_MaxFlicker_LeftEye_run06_preprocessedFunc.zip","EM501/maxFlicker/ldogfunc/EM501_MaxFlicker_LeftEye_run10_preprocessedFunc.zip","EM501/maxFlicker/ldogfunc/EM501_MaxFlicker_LeftEye_run11_preprocessedFunc.zip","EM501/maxFlicker/ldogfunc/EM501_MaxFlicker_LeftEye_run12_preprocessedFunc.zip","EM501/maxFlicker/ldogfunc/EM501_MaxFlicker_LeftEye_run16_preprocessedFunc.zip","EM501/maxFlicker/ldogfunc/EM501_MaxFlicker_LeftEye_run17_preprocessedFunc.zip","EM501/maxFlicker/ldogfunc/EM501_MaxFlicker_LeftEye_run18_preprocessedFunc.zip",,,,,,,,,,,,"EM501/maxFlicker/BOLD_MB1_iPAT2_PA_112Reps_MaxFlicker_LeftEye_04","EM501/maxFlicker/BOLD_MB1_iPAT2_AP_112Reps_MaxFlicker_LeftEye_05","EM501/maxFlicker/BOLD_MB1_iPAT2_PA_112Reps_MaxFlicker_LeftEye_06","EM501/maxFlicker/BOLD_MB1_iPAT2_PA_112Reps_MaxFlicker_LeftEye_10","EM501/maxFlicker/BOLD_MB1_iPAT2_AP_112Reps_MaxFlicker_LeftEye_11","EM501/maxFlicker/BOLD_MB1_iPAT2_PA_112Reps_MaxFlicker_LeftEye_12","EM501/maxFlicker/BOLD_MB1_iPAT2_PA_112Reps_MaxFlicker_LeftEye_16","EM501/maxFlicker/BOLD_MB1_iPAT2_AP_112Reps_MaxFlicker_LeftEye_17","EM501/maxFlicker/BOLD_MB1_iPAT2_PA_112Reps_MaxFlicker_LeftEye_18",,,,,,,,,,,,"lightFluxFlicker_1x112_On=1.mat","'EM501_maxFlicker_LeftEye'","EM501_maxFlicker_LeftEye",
"EM501","EM501/maxFlicker/ldogfunc/EM501_MaxFlicker_RightEye_run01_preprocessedFunc.zip","EM501/maxFlicker/ldogfunc/EM501_MaxFlicker_RightEye_run02_preprocessedFunc.zip","EM501/maxFlicker/ldogfunc/EM501_MaxFlicker_RightEye_run03_preprocessedFunc.zip","EM501/maxFlicker/ldogfunc/EM501_MaxFlicker_RightEye_run07_preprocessedFunc.zip","EM501/maxFlicker/ldogfunc/EM501_MaxFlicker_RightEye_run08_preprocessedFunc.zip","EM501/maxFlicker/ldogfunc/EM501_MaxFlicker_RightEye_run09_preprocessedFunc.zip","EM501/maxFlicker/ldogfunc/EM501_MaxFlicker_RightEye_run13_preprocessedFunc.zip","EM501/maxFlicker/ldogfunc/EM501_MaxFlicker_RightEye_run14_preprocessedFunc.zip","EM501/maxFlicker/ldogfunc/EM501_MaxFlicker_RightEye_run15_preprocessedFunc.zip",,,,,,,,,,,,"EM501/maxFlicker/BOLD_MB1_iPAT2_AP_112Reps_MaxFlicker_RightEye_01","EM501/maxFlicker/BOLD_MB1_iPAT2_PA_112Reps_MaxFlicker_RightEye_02","EM501/maxFlicker/BOLD_MB1_iPAT2_AP_112Reps_MaxFlicker_RightEye_03","EM501/maxFlicker/BOLD_MB1_iPAT2_AP_112Reps_MaxFlicker_RightEye_07","EM501/maxFlicker/BOLD_MB1_iPAT2_PA_112Reps_MaxFlicker_RightEye_08","EM501/maxFlicker/BOLD_MB1_iPAT2_AP_112Reps_MaxFlicker_RightEye_09","EM501/maxFlicker/BOLD_MB1_iPAT2_AP_112Reps_MaxFlicker_RightEye_13","EM501/maxFlicker/BOLD_MB1_iPAT2_PA_112Reps_MaxFlicker_RightEye_14","EM501/maxFlicker/BOLD_MB1_iPAT2_AP_112Reps_MaxFlicker_RightEye_15",,,,,,,,,,,,"lightFluxFlicker_1x112_On=1.mat","'EM501_maxFlicker_RightEye'","EM501_maxFlicker_RightEye",
,,,,,,,,,,,,,,,,,,,,,,,,,,,,,,,,,,,,,,,,,,,,
"M662","M662/foveaLocalizer_3.1/ldogfunc/M662_foveaLocalizer_3.1_LeftEyeStim_run01_preprocessedFunc.zip","M662/foveaLocalizer_3.1/ldogfunc/M662_foveaLocalizer_3.1_LeftEyeStim_run02_preprocessedFunc.zip","M662/foveaLocalizer_3.1/ldogfunc/M662_foveaLocalizer_3.1_LeftEyeStim_run03_preprocessedFunc.zip","M662/foveaLocalizer_3.1/ldogfunc/M662_foveaLocalizer_3.1_LeftEyeStim_run04_preprocessedFunc.zip","M662/foveaLocalizer_3.1/ldogfunc/M662_foveaLocalizer_3.1_LeftEyeStim_run09_preprocessedFunc.zip","M662/foveaLocalizer_3.1/ldogfunc/M662_foveaLocalizer_3.1_LeftEyeStim_run10_preprocessedFunc.zip","M662/foveaLocalizer_3.1/ldogfunc/M662_foveaLocalizer_3.1_LeftEyeStim_run11_preprocessedFunc.zip","M662/foveaLocalizer_3.1/ldogfunc/M662_foveaLocalizer_3.1_LeftEyeStim_run12_preprocessedFunc.zip",,,,,,,,,,,,,"M662/foveaLocalizer_3.1/ep2d_bold 2x2x3 iPAT2 AP_112Reps_LeftEyeStim_run01","M662/foveaLocalizer_3.1/ep2d_bold 2x2x3 iPAT2 PA_112Reps_LeftEyeStim_run02","M662/foveaLocalizer_3.1/ep2d_bold 2x2x3 iPAT2 AP_112Reps_LeftEyeStim_run03","M662/foveaLocalizer_3.1/ep2d_bold 2x2x3 iPAT2 PA_112Reps_LeftEyeStim_run04","M662/foveaLocalizer_3.1/ep2d_bold 2x2x3 iPAT2 AP_112Reps_LeftEyeStim_run09","M662/foveaLocalizer_3.1/ep2d_bold 2x2x3 iPAT2 PA_112Reps_LeftEyeStim_run10","M662/foveaLocalizer_3.1/ep2d_bold 2x2x3 iPAT2 AP_112Reps_LeftEyeStim_run11","M662/foveaLocalizer_3.1/ep2d_bold 2x2x3 iPAT2 PA_112Reps_LeftEyeStim_run12",,,,,,,,,,,,,"lightFluxFlicker_1x112_On=1.mat","'M662_foveaLocalizer_3.1_LeftEyeStim'","M662_foveaLocalizer_3.1_LeftEyeStim",
"M662","M662/foveaLocalizer_3.1/ldogfunc/M662_foveaLocalizer_3.1_RightEyeStim_run05_preprocessedFunc.zip","M662/foveaLocalizer_3.1/ldogfunc/M662_foveaLocalizer_3.1_RightEyeStim_run06_preprocessedFunc.zip","M662/foveaLocalizer_3.1/ldogfunc/M662_foveaLocalizer_3.1_RightEyeStim_run07_preprocessedFunc.zip","M662/foveaLocalizer_3.1/ldogfunc/M662_foveaLocalizer_3.1_RightEyeStim_run08_preprocessedFunc.zip","M662/foveaLocalizer_3.1/ldogfunc/M662_foveaLocalizer_3.1_RightEyeStim_run13_preprocessedFunc.zip","M662/foveaLocalizer_3.1/ldogfunc/M662_foveaLocalizer_3.1_RightEyeStim_run14_preprocessedFunc.zip","M662/foveaLocalizer_3.1/ldogfunc/M662_foveaLocalizer_3.1_RightEyeStim_run15_preprocessedFunc.zip","M662/foveaLocalizer_3.1/ldogfunc/M662_foveaLocalizer_3.1_RightEyeStim_run16_preprocessedFunc.zip",,,,,,,,,,,,,"M662/foveaLocalizer_3.1/ep2d_bold 2x2x3 iPAT2 AP_112Reps_RightEyeStim_run05","M662/foveaLocalizer_3.1/ep2d_bold 2x2x3 iPAT2 PA_112Reps_RightEyeStim_run06","M662/foveaLocalizer_3.1/ep2d_bold 2x2x3 iPAT2 AP_112Reps_RightEyeStim_run07","M662/foveaLocalizer_3.1/ep2d_bold 2x2x3 iPAT2 PA_112Reps_RightEyeStim_run08","M662/foveaLocalizer_3.1/ep2d_bold 2x2x3 iPAT2 AP_112Reps_RightEyeStim_run13","M662/foveaLocalizer_3.1/ep2d_bold 2x2x3 iPAT2 PA_112Reps_RightEyeStim_run14","M662/foveaLocalizer_3.1/ep2d_bold 2x2x3 iPAT2 AP_112Reps_RightEyeStim_run15","M662/foveaLocalizer_3.1/ep2d_bold 2x2x3 iPAT2 PA_112Reps_RightEyeStim_run16",,,,,,,,,,,,,"lightFluxFlicker_1x112_On=1.mat","'M662_foveaLocalizer_3.1_RightEyeStim'","M662_foveaLocalizer_3.1_RightEyeStim",
,,,,,,,,,,,,,,,,,,,,,,,,,,,,,,,,,,,,,,,,,,,,
"M662","M662/foveaLocalizer_2.1/ldogfunc/M662_foveaLocalizer_2.1_LeftEyeStim_run01_preprocessedFunc.zip","M662/foveaLocalizer_2.1/ldogfunc/M662_foveaLocalizer_2.1_LeftEyeStim_run02_preprocessedFunc.zip","M662/foveaLocalizer_2.1/ldogfunc/M662_foveaLocalizer_2.1_LeftEyeStim_run03_preprocessedFunc.zip","M662/foveaLocalizer_2.1/ldogfunc/M662_foveaLocalizer_2.1_LeftEyeStim_run04_preprocessedFunc.zip","M662/foveaLocalizer_2.1/ldogfunc/M662_foveaLocalizer_2.1_LeftEyeStim_run09_preprocessedFunc.zip","M662/foveaLocalizer_2.1/ldogfunc/M662_foveaLocalizer_2.1_LeftEyeStim_run10_preprocessedFunc.zip","M662/foveaLocalizer_2.1/ldogfunc/M662_foveaLocalizer_2.1_LeftEyeStim_run11_preprocessedFunc.zip","M662/foveaLocalizer_2.1/ldogfunc/M662_foveaLocalizer_2.1_LeftEyeStim_run12_preprocessedFunc.zip",,,,,,,,,,,,,"M662/foveaLocalizer_2.1/ep2d_bold 2x2x3 iPAT2 AP_112Reps_LeftEyeStim_run01","M662/foveaLocalizer_2.1/ep2d_bold 2x2x3 iPAT2 PA_112Reps_LeftEyeStim_run02","M662/foveaLocalizer_2.1/ep2d_bold 2x2x3 iPAT2 AP_112Reps_LeftEyeStim_run03","M662/foveaLocalizer_2.1/ep2d_bold 2x2x3 iPAT2 PA_112Reps_LeftEyeStim_run04","M662/foveaLocalizer_2.1/ep2d_bold 2x2x3 iPAT2 AP_112Reps_LeftEyeStim_run09","M662/foveaLocalizer_2.1/ep2d_bold 2x2x3 iPAT2 PA_112Reps_LeftEyeStim_run10","M662/foveaLocalizer_2.1/ep2d_bold 2x2x3 iPAT2 AP_112Reps_LeftEyeStim_run11","M662/foveaLocalizer_2.1/ep2d_bold 2x2x3 iPAT2 PA_112Reps_LeftEyeStim_run12",,,,,,,,,,,,,"lightFluxFlicker_1x112_On=1.mat","'M662_foveaLocalizer_2.1_LeftEyeStim'","M662_foveaLocalizer_2.1_LeftEyeStim",
"M662","M662/foveaLocalizer_2.1/ldogfunc/M662_foveaLocalizer_2.1_RightEyeStim_run05_preprocessedFunc.zip","M662/foveaLocalizer_2.1/ldogfunc/M662_foveaLocalizer_2.1_RightEyeStim_run06_preprocessedFunc.zip","M662/foveaLocalizer_2.1/ldogfunc/M662_foveaLocalizer_2.1_RightEyeStim_run07_preprocessedFunc.zip","M662/foveaLocalizer_2.1/ldogfunc/M662_foveaLocalizer_2.1_RightEyeStim_run08_preprocessedFunc.zip",,,,,,,,,,,,,,,,,"M662/foveaLocalizer_2.1/ep2d_bold 2x2x3 iPAT2 AP_112Reps_RightEyeStim_run05","M662/foveaLocalizer_2.1/ep2d_bold 2x2x3 iPAT2 PA_112Reps_RightEyeStim_run06","M662/foveaLocalizer_2.1/ep2d_bold 2x2x3 iPAT2 AP_112Reps_RightEyeStim_run07","M662/foveaLocalizer_2.1/ep2d_bold 2x2x3 iPAT2 PA_112Reps_RightEyeStim_run08",,,,,,,,,,,,,,,,,"lightFluxFlicker_1x112_On=1.mat","'M662_foveaLocalizer_2.1_RightEyeStim'","M662_foveaLocalizer_2.1_RightEyeStim",
,,,,,,,,,,,,,,,,,,,,,,,,,,,,,,,,,,,,,,,,,,,,
"M662","M662/foveaLocalizer_1.1/ldogfunc/M662_foveaLocalizer_1.1_LeftEyeStim_run01_preprocessedFunc.zip","M662/foveaLocalizer_1.1/ldogfunc/M662_foveaLocalizer_1.1_LeftEyeStim_run02_preprocessedFunc.zip","M662/foveaLocalizer_1.1/ldogfunc/M662_foveaLocalizer_1.1_LeftEyeStim_run03_preprocessedFunc.zip","M662/foveaLocalizer_1.1/ldogfunc/M662_foveaLocalizer_1.1_LeftEyeStim_run04_preprocessedFunc.zip","M662/foveaLocalizer_1.3/ldogfunc/M662_foveaLocalizer_1.3_LeftEyeStim_run09_preprocessedFunc.zip","M662/foveaLocalizer_1.3/ldogfunc/M662_foveaLocalizer_1.3_LeftEyeStim_run10_preprocessedFunc.zip","M662/foveaLocalizer_1.3/ldogfunc/M662_foveaLocalizer_1.3_LeftEyeStim_run11_preprocessedFunc.zip","M662/foveaLocalizer_1.3/ldogfunc/M662_foveaLocalizer_1.3_LeftEyeStim_run12_preprocessedFunc.zip",,,,,,,,,,,,,"M662/foveaLocalizer_1.1/ep2d_bold 2x2x3 iPAT2 AP_112Reps_LeftEyeStim_run01","M662/foveaLocalizer_1.1/ep2d_bold 2x2x3 iPAT2 PA_112Reps_LeftEyeStim_run02","M662/foveaLocalizer_1.1/ep2d_bold 2x2x3 iPAT2 AP_112Reps_LeftEyeStim_run03","M662/foveaLocalizer_1.1/ep2d_bold 2x2x3 iPAT2 PA_112Reps_LeftEyeStim_run04","M662/foveaLocalizer_1.3/ep2d_bold 2x2x3 iPAT2 AP_112Reps_LeftEyeStim_run09","M662/foveaLocalizer_1.3/ep2d_bold 2x2x3 iPAT2 PA_112Reps_LeftEyeStim_run10","M662/foveaLocalizer_1.3/ep2d_bold 2x2x3 iPAT2 AP_112Reps_LeftEyeStim_run11","M662/foveaLocalizer_1.3/ep2d_bold 2x2x3 iPAT2 PA_112Reps_LeftEyeStim_run12",,,,,,,,,,,,,"lightFluxFlicker_1x112_On=1.mat","'M662_foveaLocalizer_1.1_LeftEyeStim'","M662_foveaLocalizer_1.1_LeftEyeStim",
"M662","M662/foveaLocalizer_1.2/ldogfunc/M662_foveaLocalizer_1.2_RightEyeStim_run05_preprocessedFunc.zip","M662/foveaLocalizer_1.2/ldogfunc/M662_foveaLocalizer_1.2_RightEyeStim_run06_preprocessedFunc.zip","M662/foveaLocalizer_1.2/ldogfunc/M662_foveaLocalizer_1.2_RightEyeStim_run07_preprocessedFunc.zip","M662/foveaLocalizer_1.2/ldogfunc/M662_foveaLocalizer_1.2_RightEyeStim_run08_preprocessedFunc.zip","M662/foveaLocalizer_1.3/ldogfunc/M662_foveaLocalizer_1.3_RightEyeStim_run13_preprocessedFunc.zip","M662/foveaLocalizer_1.3/ldogfunc/M662_foveaLocalizer_1.3_RightEyeStim_run14_preprocessedFunc.zip","M662/foveaLocalizer_1.3/ldogfunc/M662_foveaLocalizer_1.3_RightEyeStim_run15_preprocessedFunc.zip","M662/foveaLocalizer_1.3/ldogfunc/M662_foveaLocalizer_1.3_RightEyeStim_run16_preprocessedFunc.zip",,,,,,,,,,,,,"M662/foveaLocalizer_1.2/ep2d_bold 2x2x3 iPAT2 AP_112Reps_RightEyeStim_run05","M662/foveaLocalizer_1.2/ep2d_bold 2x2x3 iPAT2 PA_112Reps_RightEyeStim_run06","M662/foveaLocalizer_1.2/ep2d_bold 2x2x3 iPAT2 AP_112Reps_RightEyeStim_run07","M662/foveaLocalizer_1.2/ep2d_bold 2x2x3 iPAT2 PA_112Reps_RightEyeStim_run08","M662/foveaLocalizer_1.3/ep2d_bold 2x2x3 iPAT2 AP_112Reps_RightEyeStim_run13","M662/foveaLocalizer_1.3/ep2d_bold 2x2x3 iPAT2 PA_112Reps_RightEyeStim_run14","M662/foveaLocalizer_1.3/ep2d_bold 2x2x3 iPAT2 AP_112Reps_RightEyeStim_run15","M662/foveaLocalizer_1.3/ep2d_bold 2x2x3 iPAT2 PA_112Reps_RightEyeStim_run16",,,,,,,,,,,,,"lightFluxFlicker_1x112_On=1.mat","'M662_foveaLocalizer_1.1_RightEyeStim'","M662_foveaLocalizer_1.1_RightEyeStim",
"stop",,,,,,,,,,,,,,,,,,,,,,,,,,,,,,,,,,,,,,,,,,,,
