"projectLabel","canineFovea","gearName","forwardModel","versionNum",,"rootSession","funcZip01","ConfigKeys","{'averageAcquisitions','averageVoxels','pseudoHemiAnalysis','convertToPercentChange','dataFileType','dataSourceType','modelClass','modelOpts','tr'}","ConfigVals","{'0','1','0','0','volumetric','ldogfix','mtSinai',modelOpts,'3.0'}",,,,,,
"Inputs","structZip","maskFile","funcZip01","funcZip02","funcZip03","funcZip04","funcZip05","funcZip06","funcZip07","funcZip08","funcZip09","funcZip10","funcZip11","stimFile","modelOpts","analysisSubmissionTag",
"DefaultLabel",,,,,,,,,,,,,,,,,
"FileSuffix","zip",,"zip",,,,,,,,,,,"mat",,,
"ContainerType","analysis","project","analysis","analysis","analysis","analysis","analysis","analysis","analysis","analysis","analysis","analysis","analysis","project","config",,
"ExactStringMatch",0,0,0,,,,,,,,,,,0,,,"Notes"
,,,,,,,,,,,,,,,,,
"WM67","WM67/photoFlicker_1/ldogstruct/WM67_preprocessedStruct.zip","left_canineV1all.nii.gz","WM67/photoFlicker_1/ldogfix/noPseudo_WM67_photoFlicker_1_LplusS_LeftEye.zip","WM67/photoFlicker_1/ldogfix/noPseudo_WM67_photoFlicker_1_LminusS_LeftEye.zip","WM67/photoFlicker_1/ldogfix/noPseudo_WM67_photoFlicker_1_LightFlux_LeftEye.zip",,,,,,,,,"photoFlickerSinaiAllModMeanEachEye.mat","'(polyDeg),13,(stimLabels),{ (L+S_leftEye_01),(L+S_leftEye_02),(L+S_leftEye_03),(L-S_leftEye_01),(L-S_leftEye_02),(L-S_leftEye_03),(LF_leftEye_01),(LF_leftEye_02),(LF_leftEye_03) },(avgAcqIdx),{ [1:144],[145:288],[289:432],[433:576],[577:720],[721:864],[865:1008],[1009:1152],[1153:1296] }'","leftHemi_WM67_photoFlicker_1_mtSinai_allV1",
"WM67","WM67/photoFlicker_1/ldogstruct/WM67_preprocessedStruct.zip","right_canineV1all.nii.gz","WM67/photoFlicker_1/ldogfix/noPseudo_WM67_photoFlicker_1_LplusS_RightEye.zip","WM67/photoFlicker_1/ldogfix/noPseudo_WM67_photoFlicker_1_LminusS_RightEye.zip","WM67/photoFlicker_1/ldogfix/noPseudo_WM67_photoFlicker_1_LightFlux_RightEye.zip",,,,,,,,,"photoFlickerSinaiAllModMeanEachEye.mat","'(polyDeg),13,(stimLabels),{ (L+S_rightEye_01),(L+S_rightEye_02),(L+S_rightEye_03),(L-S_rightEye_01),(L-S_rightEye_02),(L-S_rightEye_03),(LF_rightEye_01),(LF_rightEye_02),(LF_rightEye_03) },(avgAcqIdx),{ [1:144],[145:288],[289:432],[433:576],[577:720],[721:864],[865:1008],[1009:1152],[1153:1296] }'","rightEye_WM67_photoFlicker_1_mtSinai_allV1",
"WM67","WM67/photoFlicker_1/ldogstruct/WM67_preprocessedStruct.zip","left_LGN_ROI.nii.gz","WM67/photoFlicker_1/ldogfix/noPseudo_WM67_photoFlicker_1_LplusS_LeftEye.zip","WM67/photoFlicker_1/ldogfix/noPseudo_WM67_photoFlicker_1_LminusS_LeftEye.zip","WM67/photoFlicker_1/ldogfix/noPseudo_WM67_photoFlicker_1_LightFlux_LeftEye.zip",,,,,,,,,"photoFlickerSinaiAllModMeanEachEye.mat","'(polyDeg),13,(stimLabels),{ (L+S_leftEye_01),(L+S_leftEye_02),(L+S_leftEye_03),(L-S_leftEye_01),(L-S_leftEye_02),(L-S_leftEye_03),(LF_leftEye_01),(LF_leftEye_02),(LF_leftEye_03) },(avgAcqIdx),{ [1:144],[145:288],[289:432],[433:576],[577:720],[721:864],[865:1008],[1009:1152],[1153:1296] }'","leftHemi_WM67_photoFlicker_1_mtSinai_LGN",
"WM67","WM67/photoFlicker_1/ldogstruct/WM67_preprocessedStruct.zip","right_LGN_ROI.nii.gz","WM67/photoFlicker_1/ldogfix/noPseudo_WM67_photoFlicker_1_LplusS_RightEye.zip","WM67/photoFlicker_1/ldogfix/noPseudo_WM67_photoFlicker_1_LminusS_RightEye.zip","WM67/photoFlicker_1/ldogfix/noPseudo_WM67_photoFlicker_1_LightFlux_RightEye.zip",,,,,,,,,"photoFlickerSinaiAllModMeanEachEye.mat","'(polyDeg),13,(stimLabels),{ (L+S_rightEye_01),(L+S_rightEye_02),(L+S_rightEye_03),(L-S_rightEye_01),(L-S_rightEye_02),(L-S_rightEye_03),(LF_rightEye_01),(LF_rightEye_02),(LF_rightEye_03) },(avgAcqIdx),{ [1:144],[145:288],[289:432],[433:576],[577:720],[721:864],[865:1008],[1009:1152],[1153:1296] }'","rightEye_WM67_photoFlicker_1_mtSinai_LGN",
,,,,,,,,,,,,,,,,,
"LA7","LA7/photoFlicker_1/ldogstruct/LA7_preprocessedStruct.zip","left_canineV1all.nii.gz","LA7/photoFlicker_1/ldogfix/noPseudo_LA7_photoFlicker_1_LplusS_LeftEye.zip","LA7/photoFlicker_1/ldogfix/noPseudo_LA7_photoFlicker_1_LminusS_LeftEye.zip","LA7/photoFlicker_1/ldogfix/noPseudo_LA7_photoFlicker_1_LightFlux_LeftEye.zip",,,,,,,,,"photoFlickerSinaiAllModMeanEachEye.mat","'(polyDeg),13,(stimLabels),{ (L+S_leftEye_01),(L+S_leftEye_02),(L+S_leftEye_03),(L-S_leftEye_01),(L-S_leftEye_02),(L-S_leftEye_03),(LF_leftEye_01),(LF_leftEye_02),(LF_leftEye_03) },(avgAcqIdx),{ [1:144],[145:288],[289:432],[433:576],[577:720],[721:864],[865:1008],[1009:1152],[1153:1296] }'","leftHemi_LA7_photoFlicker_1_mtSinai_allV1",
"LA7","LA7/photoFlicker_1/ldogstruct/LA7_preprocessedStruct.zip","right_canineV1all.nii.gz","LA7/photoFlicker_1/ldogfix/noPseudo_LA7_photoFlicker_1_LplusS_RightEye.zip","LA7/photoFlicker_1/ldogfix/noPseudo_LA7_photoFlicker_1_LminusS_RightEye.zip","LA7/photoFlicker_1/ldogfix/noPseudo_LA7_photoFlicker_1_LightFlux_RightEye.zip",,,,,,,,,"photoFlickerSinaiAllModMeanEachEye.mat","'(polyDeg),13,(stimLabels),{ (L+S_rightEye_01),(L+S_rightEye_02),(L+S_rightEye_03),(L-S_rightEye_01),(L-S_rightEye_02),(L-S_rightEye_03),(LF_rightEye_01),(LF_rightEye_02),(LF_rightEye_03) },(avgAcqIdx),{ [1:144],[145:288],[289:432],[433:576],[577:720],[721:864],[865:1008],[1009:1152],[1153:1296] }'","rightEye_LA7_photoFlicker_1_mtSinai_allV1",
"LA7","LA7/photoFlicker_1/ldogstruct/LA7_preprocessedStruct.zip","left_LGN_ROI.nii.gz","LA7/photoFlicker_1/ldogfix/noPseudo_LA7_photoFlicker_1_LplusS_LeftEye.zip","LA7/photoFlicker_1/ldogfix/noPseudo_LA7_photoFlicker_1_LminusS_LeftEye.zip","LA7/photoFlicker_1/ldogfix/noPseudo_LA7_photoFlicker_1_LightFlux_LeftEye.zip",,,,,,,,,"photoFlickerSinaiAllModMeanEachEye.mat","'(polyDeg),13,(stimLabels),{ (L+S_leftEye_01),(L+S_leftEye_02),(L+S_leftEye_03),(L-S_leftEye_01),(L-S_leftEye_02),(L-S_leftEye_03),(LF_leftEye_01),(LF_leftEye_02),(LF_leftEye_03) },(avgAcqIdx),{ [1:144],[145:288],[289:432],[433:576],[577:720],[721:864],[865:1008],[1009:1152],[1153:1296] }'","leftHemi_LA7_photoFlicker_1_mtSinai_LGN",
"LA7","LA7/photoFlicker_1/ldogstruct/LA7_preprocessedStruct.zip","right_LGN_ROI.nii.gz","LA7/photoFlicker_1/ldogfix/noPseudo_LA7_photoFlicker_1_LplusS_RightEye.zip","LA7/photoFlicker_1/ldogfix/noPseudo_LA7_photoFlicker_1_LminusS_RightEye.zip","LA7/photoFlicker_1/ldogfix/noPseudo_LA7_photoFlicker_1_LightFlux_RightEye.zip",,,,,,,,,"photoFlickerSinaiAllModMeanEachEye.mat","'(polyDeg),13,(stimLabels),{ (L+S_rightEye_01),(L+S_rightEye_02),(L+S_rightEye_03),(L-S_rightEye_01),(L-S_rightEye_02),(L-S_rightEye_03),(LF_rightEye_01),(LF_rightEye_02),(LF_rightEye_03) },(avgAcqIdx),{ [1:144],[145:288],[289:432],[433:576],[577:720],[721:864],[865:1008],[1009:1152],[1153:1296] }'","rightEye_LA7_photoFlicker_1_mtSinai_LGN",
,,,,,,,,,,,,,,,,,
"Z720","Z720/photoFlicker_1/ldogstruct/Z720_preprocessedStruct.zip","left_canineV1all.nii.gz","Z720/photoFlicker_1/ldogfix/noPseudo_Z720_photoFlicker_1_LplusS_LeftEye.zip","Z720/photoFlicker_1/ldogfix/noPseudo_Z720_photoFlicker_1_LminusS_LeftEye.zip","Z720/photoFlicker_1/ldogfix/noPseudo_Z720_photoFlicker_1_LightFlux_LeftEye.zip",,,,,,,,,"photoFlickerSinaiAllModMeanEachEye.mat","'(polyDeg),13,(stimLabels),{ (L+S_leftEye_01),(L+S_leftEye_02),(L+S_leftEye_03),(L-S_leftEye_01),(L-S_leftEye_02),(L-S_leftEye_03),(LF_leftEye_01),(LF_leftEye_02),(LF_leftEye_03) },(avgAcqIdx),{ [1:144],[145:288],[289:432],[433:576],[577:720],[721:864],[865:1008],[1009:1152],[1153:1296] }'","leftHemi_Z720_photoFlicker_1_mtSinai_allV1",
"Z720","Z720/photoFlicker_1/ldogstruct/Z720_preprocessedStruct.zip","right_canineV1all.nii.gz","Z720/photoFlicker_1/ldogfix/noPseudo_Z720_photoFlicker_1_LplusS_RightEye.zip","Z720/photoFlicker_1/ldogfix/noPseudo_Z720_photoFlicker_1_LminusS_RightEye.zip","Z720/photoFlicker_1/ldogfix/noPseudo_Z720_photoFlicker_1_LightFlux_RightEye.zip",,,,,,,,,"photoFlickerSinaiAllModMeanEachEye.mat","'(polyDeg),13,(stimLabels),{ (L+S_rightEye_01),(L+S_rightEye_02),(L+S_rightEye_03),(L-S_rightEye_01),(L-S_rightEye_02),(L-S_rightEye_03),(LF_rightEye_01),(LF_rightEye_02),(LF_rightEye_03) },(avgAcqIdx),{ [1:144],[145:288],[289:432],[433:576],[577:720],[721:864],[865:1008],[1009:1152],[1153:1296] }'","rightEye_Z720_photoFlicker_1_mtSinai_allV1",
"Z720","Z720/photoFlicker_1/ldogstruct/Z720_preprocessedStruct.zip","left_LGN_ROI.nii.gz","Z720/photoFlicker_1/ldogfix/noPseudo_Z720_photoFlicker_1_LplusS_LeftEye.zip","Z720/photoFlicker_1/ldogfix/noPseudo_Z720_photoFlicker_1_LminusS_LeftEye.zip","Z720/photoFlicker_1/ldogfix/noPseudo_Z720_photoFlicker_1_LightFlux_LeftEye.zip",,,,,,,,,"photoFlickerSinaiAllModMeanEachEye.mat","'(polyDeg),13,(stimLabels),{ (L+S_leftEye_01),(L+S_leftEye_02),(L+S_leftEye_03),(L-S_leftEye_01),(L-S_leftEye_02),(L-S_leftEye_03),(LF_leftEye_01),(LF_leftEye_02),(LF_leftEye_03) },(avgAcqIdx),{ [1:144],[145:288],[289:432],[433:576],[577:720],[721:864],[865:1008],[1009:1152],[1153:1296] }'","leftHemi_Z720_photoFlicker_1_mtSinai_LGN",
"Z720","Z720/photoFlicker_1/ldogstruct/Z720_preprocessedStruct.zip","right_LGN_ROI.nii.gz","Z720/photoFlicker_1/ldogfix/noPseudo_Z720_photoFlicker_1_LplusS_RightEye.zip","Z720/photoFlicker_1/ldogfix/noPseudo_Z720_photoFlicker_1_LminusS_RightEye.zip","Z720/photoFlicker_1/ldogfix/noPseudo_Z720_photoFlicker_1_LightFlux_RightEye.zip",,,,,,,,,"photoFlickerSinaiAllModMeanEachEye.mat","'(polyDeg),13,(stimLabels),{ (L+S_rightEye_01),(L+S_rightEye_02),(L+S_rightEye_03),(L-S_rightEye_01),(L-S_rightEye_02),(L-S_rightEye_03),(LF_rightEye_01),(LF_rightEye_02),(LF_rightEye_03) },(avgAcqIdx),{ [1:144],[145:288],[289:432],[433:576],[577:720],[721:864],[865:1008],[1009:1152],[1153:1296] }'","rightEye_Z720_photoFlicker_1_mtSinai_LGN",
,,,,,,,,,,,,,,,,,
"WM65","WM65/photoFlicker_1/ldogstruct/WM65_preprocessedStruct.zip","left_canineV1all.nii.gz","WM65/photoFlicker_1/ldogfix/noPseudo_WM65_photoFlicker_1_LplusS_LeftEye.zip","WM65/photoFlicker_1/ldogfix/noPseudo_WM65_photoFlicker_1_LminusS_LeftEye.zip","WM65/photoFlicker_1/ldogfix/noPseudo_WM65_photoFlicker_1_LightFlux_LeftEye.zip",,,,,,,,,"photoFlickerSinaiAllModMeanEachEye.mat","'(polyDeg),13,(stimLabels),{ (L+S_leftEye_01),(L+S_leftEye_02),(L+S_leftEye_03),(L-S_leftEye_01),(L-S_leftEye_02),(L-S_leftEye_03),(LF_leftEye_01),(LF_leftEye_02),(LF_leftEye_03) },(avgAcqIdx),{ [1:144],[145:288],[289:432],[433:576],[577:720],[721:864],[865:1008],[1009:1152],[1153:1296] }'","leftHemi_WM65_photoFlicker_1_mtSinai_allV1",
"WM65","WM65/photoFlicker_1/ldogstruct/WM65_preprocessedStruct.zip","right_canineV1all.nii.gz","WM65/photoFlicker_1/ldogfix/noPseudo_WM65_photoFlicker_1_LplusS_RightEye.zip","WM65/photoFlicker_1/ldogfix/noPseudo_WM65_photoFlicker_1_LminusS_RightEye.zip","WM65/photoFlicker_1/ldogfix/noPseudo_WM65_photoFlicker_1_LightFlux_RightEye.zip",,,,,,,,,"photoFlickerSinaiAllModMeanEachEye.mat","'(polyDeg),13,(stimLabels),{ (L+S_rightEye_01),(L+S_rightEye_02),(L+S_rightEye_03),(L-S_rightEye_01),(L-S_rightEye_02),(L-S_rightEye_03),(LF_rightEye_01),(LF_rightEye_02),(LF_rightEye_03) },(avgAcqIdx),{ [1:144],[145:288],[289:432],[433:576],[577:720],[721:864],[865:1008],[1009:1152],[1153:1296] }'","rightEye_WM65_photoFlicker_1_mtSinai_allV1",
"WM65","WM65/photoFlicker_1/ldogstruct/WM65_preprocessedStruct.zip","left_LGN_ROI.nii.gz","WM65/photoFlicker_1/ldogfix/noPseudo_WM65_photoFlicker_1_LplusS_LeftEye.zip","WM65/photoFlicker_1/ldogfix/noPseudo_WM65_photoFlicker_1_LminusS_LeftEye.zip","WM65/photoFlicker_1/ldogfix/noPseudo_WM65_photoFlicker_1_LightFlux_LeftEye.zip",,,,,,,,,"photoFlickerSinaiAllModMeanEachEye.mat","'(polyDeg),13,(stimLabels),{ (L+S_leftEye_01),(L+S_leftEye_02),(L+S_leftEye_03),(L-S_leftEye_01),(L-S_leftEye_02),(L-S_leftEye_03),(LF_leftEye_01),(LF_leftEye_02),(LF_leftEye_03) },(avgAcqIdx),{ [1:144],[145:288],[289:432],[433:576],[577:720],[721:864],[865:1008],[1009:1152],[1153:1296] }'","leftHemi_WM65_photoFlicker_1_mtSinai_LGN",
"WM65","WM65/photoFlicker_1/ldogstruct/WM65_preprocessedStruct.zip","right_LGN_ROI.nii.gz","WM65/photoFlicker_1/ldogfix/noPseudo_WM65_photoFlicker_1_LplusS_RightEye.zip","WM65/photoFlicker_1/ldogfix/noPseudo_WM65_photoFlicker_1_LminusS_RightEye.zip","WM65/photoFlicker_1/ldogfix/noPseudo_WM65_photoFlicker_1_LightFlux_RightEye.zip",,,,,,,,,"photoFlickerSinaiAllModMeanEachEye.mat","'(polyDeg),13,(stimLabels),{ (L+S_rightEye_01),(L+S_rightEye_02),(L+S_rightEye_03),(L-S_rightEye_01),(L-S_rightEye_02),(L-S_rightEye_03),(LF_rightEye_01),(LF_rightEye_02),(LF_rightEye_03) },(avgAcqIdx),{ [1:144],[145:288],[289:432],[433:576],[577:720],[721:864],[865:1008],[1009:1152],[1153:1296] }'","rightEye_WM65_photoFlicker_1_mtSinai_LGN",
,,,,,,,,,,,,,,,,,
2346,"2346/photoFlicker_1/ldogstruct/2346_preprocessedStruct.zip","left_canineV1all.nii.gz","2346/photoFlicker_1/ldogfix/noPseudo_2346_photoFlicker_1_LplusS_LeftEye.zip","2346/photoFlicker_1/ldogfix/noPseudo_2346_photoFlicker_1_LminusS_LeftEye.zip","2346/photoFlicker_1/ldogfix/noPseudo_2346_photoFlicker_1_LightFlux_LeftEye.zip",,,,,,,,,"photoFlickerSinaiAllModMeanEachEye.mat","'(polyDeg),13,(stimLabels),{ (L+S_leftEye_01),(L+S_leftEye_02),(L+S_leftEye_03),(L-S_leftEye_01),(L-S_leftEye_02),(L-S_leftEye_03),(LF_leftEye_01),(LF_leftEye_02),(LF_leftEye_03) },(avgAcqIdx),{ [1:144],[145:288],[289:432],[433:576],[577:720],[721:864],[865:1008],[1009:1152],[1153:1296] }'","leftHemi_2346_photoFlicker_1_mtSinai_allV1",
2346,"2346/photoFlicker_1/ldogstruct/2346_preprocessedStruct.zip","right_canineV1all.nii.gz","2346/photoFlicker_1/ldogfix/noPseudo_2346_photoFlicker_1_LplusS_RightEye.zip","2346/photoFlicker_1/ldogfix/noPseudo_2346_photoFlicker_1_LminusS_RightEye.zip","2346/photoFlicker_1/ldogfix/noPseudo_2346_photoFlicker_1_LightFlux_RightEye.zip",,,,,,,,,"photoFlickerSinaiAllModMeanEachEye.mat","'(polyDeg),13,(stimLabels),{ (L+S_rightEye_01),(L+S_rightEye_02),(L+S_rightEye_03),(L-S_rightEye_01),(L-S_rightEye_02),(L-S_rightEye_03),(LF_rightEye_01),(LF_rightEye_02),(LF_rightEye_03) },(avgAcqIdx),{ [1:144],[145:288],[289:432],[433:576],[577:720],[721:864],[865:1008],[1009:1152],[1153:1296] }'","rightEye_2346_photoFlicker_1_mtSinai_allV1",
2346,"2346/photoFlicker_1/ldogstruct/2346_preprocessedStruct.zip","left_LGN_ROI.nii.gz","2346/photoFlicker_1/ldogfix/noPseudo_2346_photoFlicker_1_LplusS_LeftEye.zip","2346/photoFlicker_1/ldogfix/noPseudo_2346_photoFlicker_1_LminusS_LeftEye.zip","2346/photoFlicker_1/ldogfix/noPseudo_2346_photoFlicker_1_LightFlux_LeftEye.zip",,,,,,,,,"photoFlickerSinaiAllModMeanEachEye.mat","'(polyDeg),13,(stimLabels),{ (L+S_leftEye_01),(L+S_leftEye_02),(L+S_leftEye_03),(L-S_leftEye_01),(L-S_leftEye_02),(L-S_leftEye_03),(LF_leftEye_01),(LF_leftEye_02),(LF_leftEye_03) },(avgAcqIdx),{ [1:144],[145:288],[289:432],[433:576],[577:720],[721:864],[865:1008],[1009:1152],[1153:1296] }'","leftHemi_2346_photoFlicker_1_mtSinai_LGN",
2346,"2346/photoFlicker_1/ldogstruct/2346_preprocessedStruct.zip","right_LGN_ROI.nii.gz","2346/photoFlicker_1/ldogfix/noPseudo_2346_photoFlicker_1_LplusS_RightEye.zip","2346/photoFlicker_1/ldogfix/noPseudo_2346_photoFlicker_1_LminusS_RightEye.zip","2346/photoFlicker_1/ldogfix/noPseudo_2346_photoFlicker_1_LightFlux_RightEye.zip",,,,,,,,,"photoFlickerSinaiAllModMeanEachEye.mat","'(polyDeg),13,(stimLabels),{ (L+S_rightEye_01),(L+S_rightEye_02),(L+S_rightEye_03),(L-S_rightEye_01),(L-S_rightEye_02),(L-S_rightEye_03),(LF_rightEye_01),(LF_rightEye_02),(LF_rightEye_03) },(avgAcqIdx),{ [1:144],[145:288],[289:432],[433:576],[577:720],[721:864],[865:1008],[1009:1152],[1153:1296] }'","rightEye_2346_photoFlicker_1_mtSinai_LGN",
,,,,,,,,,,,,,,,,,
"N347","N347/photoFlicker_1/ldogstruct/N347_preprocessedStruct.zip","left_canineV1all.nii.gz","N347/photoFlicker_1/ldogfix/noPseudo_N347_photoFlicker_1_LplusS_LeftEye.zip","N347/photoFlicker_1/ldogfix/noPseudo_N347_photoFlicker_1_LminusS_LeftEye.zip","N347/photoFlicker_1/ldogfix/noPseudo_N347_photoFlicker_1_LightFlux_LeftEye.zip",,,,,,,,,"photoFlickerSinaiAllModMeanEachEye.mat","'(polyDeg),13,(stimLabels),{ (L+S_leftEye_01),(L+S_leftEye_02),(L+S_leftEye_03),(L-S_leftEye_01),(L-S_leftEye_02),(L-S_leftEye_03),(LF_leftEye_01),(LF_leftEye_02),(LF_leftEye_03) },(avgAcqIdx),{ [1:144],[145:288],[289:432],[433:576],[577:720],[721:864],[865:1008],[1009:1152],[1153:1296] }'","leftHemi_N347_photoFlicker_1_mtSinai_allV1",
"N347","N347/photoFlicker_1/ldogstruct/N347_preprocessedStruct.zip","right_canineV1all.nii.gz","N347/photoFlicker_1/ldogfix/noPseudo_N347_photoFlicker_1_LplusS_RightEye.zip","N347/photoFlicker_1/ldogfix/noPseudo_N347_photoFlicker_1_LminusS_RightEye.zip","N347/photoFlicker_1/ldogfix/noPseudo_N347_photoFlicker_1_LightFlux_RightEye.zip",,,,,,,,,"photoFlickerSinaiAllModMeanEachEye.mat","'(polyDeg),13,(stimLabels),{ (L+S_rightEye_01),(L+S_rightEye_02),(L+S_rightEye_03),(L-S_rightEye_01),(L-S_rightEye_02),(L-S_rightEye_03),(LF_rightEye_01),(LF_rightEye_02),(LF_rightEye_03) },(avgAcqIdx),{ [1:144],[145:288],[289:432],[433:576],[577:720],[721:864],[865:1008],[1009:1152],[1153:1296] }'","rightEye_N347_photoFlicker_1_mtSinai_allV1",
"N347","N347/photoFlicker_1/ldogstruct/N347_preprocessedStruct.zip","left_LGN_ROI.nii.gz","N347/photoFlicker_1/ldogfix/noPseudo_N347_photoFlicker_1_LplusS_LeftEye.zip","N347/photoFlicker_1/ldogfix/noPseudo_N347_photoFlicker_1_LminusS_LeftEye.zip","N347/photoFlicker_1/ldogfix/noPseudo_N347_photoFlicker_1_LightFlux_LeftEye.zip",,,,,,,,,"photoFlickerSinaiAllModMeanEachEye.mat","'(polyDeg),13,(stimLabels),{ (L+S_leftEye_01),(L+S_leftEye_02),(L+S_leftEye_03),(L-S_leftEye_01),(L-S_leftEye_02),(L-S_leftEye_03),(LF_leftEye_01),(LF_leftEye_02),(LF_leftEye_03) },(avgAcqIdx),{ [1:144],[145:288],[289:432],[433:576],[577:720],[721:864],[865:1008],[1009:1152],[1153:1296] }'","leftHemi_N347_photoFlicker_1_mtSinai_LGN",
"N347","N347/photoFlicker_1/ldogstruct/N347_preprocessedStruct.zip","right_LGN_ROI.nii.gz","N347/photoFlicker_1/ldogfix/noPseudo_N347_photoFlicker_1_LplusS_RightEye.zip","N347/photoFlicker_1/ldogfix/noPseudo_N347_photoFlicker_1_LminusS_RightEye.zip","N347/photoFlicker_1/ldogfix/noPseudo_N347_photoFlicker_1_LightFlux_RightEye.zip",,,,,,,,,"photoFlickerSinaiAllModMeanEachEye.mat","'(polyDeg),13,(stimLabels),{ (L+S_rightEye_01),(L+S_rightEye_02),(L+S_rightEye_03),(L-S_rightEye_01),(L-S_rightEye_02),(L-S_rightEye_03),(LF_rightEye_01),(LF_rightEye_02),(LF_rightEye_03) },(avgAcqIdx),{ [1:144],[145:288],[289:432],[433:576],[577:720],[721:864],[865:1008],[1009:1152],[1153:1296] }'","rightEye_N347_photoFlicker_1_mtSinai_LGN",
,,,,,,,,,,,,,,,,,
"N349","N349/photoFlicker_1/ldogstruct/N349_preprocessedStruct.zip","left_canineV1all.nii.gz","N349/photoFlicker_1/ldogfix/noPseudo_N349_photoFlicker_1_LplusS_LeftEye.zip","N349/photoFlicker_1/ldogfix/noPseudo_N349_photoFlicker_1_LminusS_LeftEye.zip","N349/photoFlicker_1/ldogfix/noPseudo_N349_photoFlicker_1_LightFlux_LeftEye.zip",,,,,,,,,"photoFlickerSinaiAllModMeanEachEye.mat","'(polyDeg),13,(stimLabels),{ (L+S_leftEye_01),(L+S_leftEye_02),(L+S_leftEye_03),(L-S_leftEye_01),(L-S_leftEye_02),(L-S_leftEye_03),(LF_leftEye_01),(LF_leftEye_02),(LF_leftEye_03) },(avgAcqIdx),{ [1:144],[145:288],[289:432],[433:576],[577:720],[721:864],[865:1008],[1009:1152],[1153:1296] }'","leftHemi_N349_photoFlicker_1_mtSinai_allV1",
"N349","N349/photoFlicker_1/ldogstruct/N349_preprocessedStruct.zip","right_canineV1all.nii.gz","N349/photoFlicker_1/ldogfix/noPseudo_N349_photoFlicker_1_LplusS_RightEye.zip","N349/photoFlicker_1/ldogfix/noPseudo_N349_photoFlicker_1_LminusS_RightEye.zip","N349/photoFlicker_1/ldogfix/noPseudo_N349_photoFlicker_1_LightFlux_RightEye.zip",,,,,,,,,"photoFlickerSinaiAllModMeanEachEye.mat","'(polyDeg),13,(stimLabels),{ (L+S_rightEye_01),(L+S_rightEye_02),(L+S_rightEye_03),(L-S_rightEye_01),(L-S_rightEye_02),(L-S_rightEye_03),(LF_rightEye_01),(LF_rightEye_02),(LF_rightEye_03) },(avgAcqIdx),{ [1:144],[145:288],[289:432],[433:576],[577:720],[721:864],[865:1008],[1009:1152],[1153:1296] }'","rightEye_N349_photoFlicker_1_mtSinai_allV1",
"N349","N349/photoFlicker_1/ldogstruct/N349_preprocessedStruct.zip","left_LGN_ROI.nii.gz","N349/photoFlicker_1/ldogfix/noPseudo_N349_photoFlicker_1_LplusS_LeftEye.zip","N349/photoFlicker_1/ldogfix/noPseudo_N349_photoFlicker_1_LminusS_LeftEye.zip","N349/photoFlicker_1/ldogfix/noPseudo_N349_photoFlicker_1_LightFlux_LeftEye.zip",,,,,,,,,"photoFlickerSinaiAllModMeanEachEye.mat","'(polyDeg),13,(stimLabels),{ (L+S_leftEye_01),(L+S_leftEye_02),(L+S_leftEye_03),(L-S_leftEye_01),(L-S_leftEye_02),(L-S_leftEye_03),(LF_leftEye_01),(LF_leftEye_02),(LF_leftEye_03) },(avgAcqIdx),{ [1:144],[145:288],[289:432],[433:576],[577:720],[721:864],[865:1008],[1009:1152],[1153:1296] }'","leftHemi_N349_photoFlicker_1_mtSinai_LGN",
"N349","N349/photoFlicker_1/ldogstruct/N349_preprocessedStruct.zip","right_LGN_ROI.nii.gz","N349/photoFlicker_1/ldogfix/noPseudo_N349_photoFlicker_1_LplusS_RightEye.zip","N349/photoFlicker_1/ldogfix/noPseudo_N349_photoFlicker_1_LminusS_RightEye.zip","N349/photoFlicker_1/ldogfix/noPseudo_N349_photoFlicker_1_LightFlux_RightEye.zip",,,,,,,,,"photoFlickerSinaiAllModMeanEachEye.mat","'(polyDeg),13,(stimLabels),{ (L+S_rightEye_01),(L+S_rightEye_02),(L+S_rightEye_03),(L-S_rightEye_01),(L-S_rightEye_02),(L-S_rightEye_03),(LF_rightEye_01),(LF_rightEye_02),(LF_rightEye_03) },(avgAcqIdx),{ [1:144],[145:288],[289:432],[433:576],[577:720],[721:864],[865:1008],[1009:1152],[1153:1296] }'","rightEye_N349_photoFlicker_1_mtSinai_LGN",
,,,,,,,,,,,,,,,,,
"EM543","EM543/photoFlicker_3/ldogstruct/EM543_preprocessedStruct.zip","left_canineV1all.nii.gz","EM543/photoFlicker_3/ldogfix/noPseudo_EM543_photoFlicker_3_LplusS_LeftEye.zip","EM543/photoFlicker_3/ldogfix/noPseudo_EM543_photoFlicker_3_LminusS_LeftEye.zip","EM543/photoFlicker_3/ldogfix/noPseudo_EM543_photoFlicker_3_LightFlux_LeftEye.zip",,,,,,,,,"photoFlickerSinaiAllModMeanEachEye.mat","'(polyDeg),13,(stimLabels),{ (L+S_leftEye_01),(L+S_leftEye_02),(L+S_leftEye_03),(L-S_leftEye_01),(L-S_leftEye_02),(L-S_leftEye_03),(LF_leftEye_01),(LF_leftEye_02),(LF_leftEye_03) },(avgAcqIdx),{ [1:144],[145:288],[289:432],[433:576],[577:720],[721:864],[865:1008],[1009:1152],[1153:1296] }'","leftHemi_EM543_photoFlicker_3_mtSinai_allV1",
"EM543","EM543/photoFlicker_3/ldogstruct/EM543_preprocessedStruct.zip","right_canineV1all.nii.gz","EM543/photoFlicker_3/ldogfix/noPseudo_EM543_photoFlicker_3_LplusS_RightEye.zip","EM543/photoFlicker_3/ldogfix/noPseudo_EM543_photoFlicker_3_LminusS_RightEye.zip","EM543/photoFlicker_3/ldogfix/noPseudo_EM543_photoFlicker_3_LightFlux_RightEye.zip",,,,,,,,,"photoFlickerSinaiAllModMeanEachEye.mat","'(polyDeg),13,(stimLabels),{ (L+S_rightEye_01),(L+S_rightEye_02),(L+S_rightEye_03),(L-S_rightEye_01),(L-S_rightEye_02),(L-S_rightEye_03),(LF_rightEye_01),(LF_rightEye_02),(LF_rightEye_03) },(avgAcqIdx),{ [1:144],[145:288],[289:432],[433:576],[577:720],[721:864],[865:1008],[1009:1152],[1153:1296] }'","rightEye_EM543_photoFlicker_3_mtSinai_allV1",
"EM543","EM543/photoFlicker_3/ldogstruct/EM543_preprocessedStruct.zip","left_LGN_ROI.nii.gz","EM543/photoFlicker_3/ldogfix/noPseudo_EM543_photoFlicker_3_LplusS_LeftEye.zip","EM543/photoFlicker_3/ldogfix/noPseudo_EM543_photoFlicker_3_LminusS_LeftEye.zip","EM543/photoFlicker_3/ldogfix/noPseudo_EM543_photoFlicker_3_LightFlux_LeftEye.zip",,,,,,,,,"photoFlickerSinaiAllModMeanEachEye.mat","'(polyDeg),13,(stimLabels),{ (L+S_leftEye_01),(L+S_leftEye_02),(L+S_leftEye_03),(L-S_leftEye_01),(L-S_leftEye_02),(L-S_leftEye_03),(LF_leftEye_01),(LF_leftEye_02),(LF_leftEye_03) },(avgAcqIdx),{ [1:144],[145:288],[289:432],[433:576],[577:720],[721:864],[865:1008],[1009:1152],[1153:1296] }'","leftHemi_EM543_photoFlicker_3_mtSinai_LGN",
"EM543","EM543/photoFlicker_3/ldogstruct/EM543_preprocessedStruct.zip","right_LGN_ROI.nii.gz","EM543/photoFlicker_3/ldogfix/noPseudo_EM543_photoFlicker_3_LplusS_RightEye.zip","EM543/photoFlicker_3/ldogfix/noPseudo_EM543_photoFlicker_3_LminusS_RightEye.zip","EM543/photoFlicker_3/ldogfix/noPseudo_EM543_photoFlicker_3_LightFlux_RightEye.zip",,,,,,,,,"photoFlickerSinaiAllModMeanEachEye.mat","'(polyDeg),13,(stimLabels),{ (L+S_rightEye_01),(L+S_rightEye_02),(L+S_rightEye_03),(L-S_rightEye_01),(L-S_rightEye_02),(L-S_rightEye_03),(LF_rightEye_01),(LF_rightEye_02),(LF_rightEye_03) },(avgAcqIdx),{ [1:144],[145:288],[289:432],[433:576],[577:720],[721:864],[865:1008],[1009:1152],[1153:1296] }'","rightEye_EM543_photoFlicker_3_mtSinai_LGN",
,,,,,,,,,,,,,,,,,
"EM529","EM529/photoFlicker_3/ldogstruct/EM529_preprocessedStruct.zip","left_canineV1all.nii.gz","EM529/photoFlicker_3/ldogfix/noPseudo_EM529_photoFlicker_3_LplusS_LeftEye.zip","EM529/photoFlicker_3/ldogfix/noPseudo_EM529_photoFlicker_3_LminusS_LeftEye.zip","EM529/photoFlicker_3/ldogfix/noPseudo_EM529_photoFlicker_3_LightFlux_LeftEye.zip",,,,,,,,,"photoFlickerSinaiAllModMeanEachEye.mat","'(polyDeg),13,(stimLabels),{ (L+S_leftEye_01),(L+S_leftEye_02),(L+S_leftEye_03),(L-S_leftEye_01),(L-S_leftEye_02),(L-S_leftEye_03),(LF_leftEye_01),(LF_leftEye_02),(LF_leftEye_03) },(avgAcqIdx),{ [1:144],[145:288],[289:432],[433:576],[577:720],[721:864],[865:1008],[1009:1152],[1153:1296] }'","leftHemi_EM529_photoFlicker_3_mtSinai_allV1",
"EM529","EM529/photoFlicker_3/ldogstruct/EM529_preprocessedStruct.zip","right_canineV1all.nii.gz","EM529/photoFlicker_3/ldogfix/noPseudo_EM529_photoFlicker_3_LplusS_RightEye.zip","EM529/photoFlicker_3/ldogfix/noPseudo_EM529_photoFlicker_3_LminusS_RightEye.zip","EM529/photoFlicker_3/ldogfix/noPseudo_EM529_photoFlicker_3_LightFlux_RightEye.zip",,,,,,,,,"photoFlickerSinaiAllModMeanEachEye.mat","'(polyDeg),13,(stimLabels),{ (L+S_rightEye_01),(L+S_rightEye_02),(L+S_rightEye_03),(L-S_rightEye_01),(L-S_rightEye_02),(L-S_rightEye_03),(LF_rightEye_01),(LF_rightEye_02),(LF_rightEye_03) },(avgAcqIdx),{ [1:144],[145:288],[289:432],[433:576],[577:720],[721:864],[865:1008],[1009:1152],[1153:1296] }'","rightEye_EM529_photoFlicker_3_mtSinai_allV1",
"EM529","EM529/photoFlicker_3/ldogstruct/EM529_preprocessedStruct.zip","left_LGN_ROI.nii.gz","EM529/photoFlicker_3/ldogfix/noPseudo_EM529_photoFlicker_3_LplusS_LeftEye.zip","EM529/photoFlicker_3/ldogfix/noPseudo_EM529_photoFlicker_3_LminusS_LeftEye.zip","EM529/photoFlicker_3/ldogfix/noPseudo_EM529_photoFlicker_3_LightFlux_LeftEye.zip",,,,,,,,,"photoFlickerSinaiAllModMeanEachEye.mat","'(polyDeg),13,(stimLabels),{ (L+S_leftEye_01),(L+S_leftEye_02),(L+S_leftEye_03),(L-S_leftEye_01),(L-S_leftEye_02),(L-S_leftEye_03),(LF_leftEye_01),(LF_leftEye_02),(LF_leftEye_03) },(avgAcqIdx),{ [1:144],[145:288],[289:432],[433:576],[577:720],[721:864],[865:1008],[1009:1152],[1153:1296] }'","leftHemi_EM529_photoFlicker_3_mtSinai_LGN",
"EM529","EM529/photoFlicker_3/ldogstruct/EM529_preprocessedStruct.zip","right_LGN_ROI.nii.gz","EM529/photoFlicker_3/ldogfix/noPseudo_EM529_photoFlicker_3_LplusS_RightEye.zip","EM529/photoFlicker_3/ldogfix/noPseudo_EM529_photoFlicker_3_LminusS_RightEye.zip","EM529/photoFlicker_3/ldogfix/noPseudo_EM529_photoFlicker_3_LightFlux_RightEye.zip",,,,,,,,,"photoFlickerSinaiAllModMeanEachEye.mat","'(polyDeg),13,(stimLabels),{ (L+S_rightEye_01),(L+S_rightEye_02),(L+S_rightEye_03),(L-S_rightEye_01),(L-S_rightEye_02),(L-S_rightEye_03),(LF_rightEye_01),(LF_rightEye_02),(LF_rightEye_03) },(avgAcqIdx),{ [1:144],[145:288],[289:432],[433:576],[577:720],[721:864],[865:1008],[1009:1152],[1153:1296] }'","rightEye_EM529_photoFlicker_3_mtSinai_LGN",
,,,,,,,,,,,,,,,,,
"EM543","EM543/photoFlicker_2/ldogstruct/EM543_preprocessedStruct.zip","left_canineV1all.nii.gz","EM543/photoFlicker_2/ldogfix/noPseudo_EM543_photoFlicker_2_LplusS_LeftEye.zip","EM543/photoFlicker_2/ldogfix/noPseudo_EM543_photoFlicker_2_LminusS_LeftEye.zip","EM543/photoFlicker_2/ldogfix/noPseudo_EM543_photoFlicker_2_LightFlux_LeftEye.zip",,,,,,,,,"photoFlickerSinaiAllModMeanEachEye.mat","'(polyDeg),13,(stimLabels),{ (L+S_leftEye_01),(L+S_leftEye_02),(L+S_leftEye_03),(L-S_leftEye_01),(L-S_leftEye_02),(L-S_leftEye_03),(LF_leftEye_01),(LF_leftEye_02),(LF_leftEye_03) },(avgAcqIdx),{ [1:144],[145:288],[289:432],[433:576],[577:720],[721:864],[865:1008],[1009:1152],[1153:1296] }'","leftHemi_EM543_photoFlicker_2_mtSinai_allV1",
"EM543","EM543/photoFlicker_2/ldogstruct/EM543_preprocessedStruct.zip","right_canineV1all.nii.gz","EM543/photoFlicker_2/ldogfix/noPseudo_EM543_photoFlicker_2_LplusS_RightEye.zip","EM543/photoFlicker_2/ldogfix/noPseudo_EM543_photoFlicker_2_LminusS_RightEye.zip","EM543/photoFlicker_2/ldogfix/noPseudo_EM543_photoFlicker_2_LightFlux_RightEye.zip",,,,,,,,,"photoFlickerSinaiAllModMeanEachEye.mat","'(polyDeg),13,(stimLabels),{ (L+S_rightEye_01),(L+S_rightEye_02),(L+S_rightEye_03),(L-S_rightEye_01),(L-S_rightEye_02),(L-S_rightEye_03),(LF_rightEye_01),(LF_rightEye_02),(LF_rightEye_03) },(avgAcqIdx),{ [1:144],[145:288],[289:432],[433:576],[577:720],[721:864],[865:1008],[1009:1152],[1153:1296] }'","rightEye_EM543_photoFlicker_2_mtSinai_allV1",
"EM543","EM543/photoFlicker_2/ldogstruct/EM543_preprocessedStruct.zip","left_LGN_ROI.nii.gz","EM543/photoFlicker_2/ldogfix/noPseudo_EM543_photoFlicker_2_LplusS_LeftEye.zip","EM543/photoFlicker_2/ldogfix/noPseudo_EM543_photoFlicker_2_LminusS_LeftEye.zip","EM543/photoFlicker_2/ldogfix/noPseudo_EM543_photoFlicker_2_LightFlux_LeftEye.zip",,,,,,,,,"photoFlickerSinaiAllModMeanEachEye.mat","'(polyDeg),13,(stimLabels),{ (L+S_leftEye_01),(L+S_leftEye_02),(L+S_leftEye_03),(L-S_leftEye_01),(L-S_leftEye_02),(L-S_leftEye_03),(LF_leftEye_01),(LF_leftEye_02),(LF_leftEye_03) },(avgAcqIdx),{ [1:144],[145:288],[289:432],[433:576],[577:720],[721:864],[865:1008],[1009:1152],[1153:1296] }'","leftHemi_EM543_photoFlicker_2_mtSinai_LGN",
"EM543","EM543/photoFlicker_2/ldogstruct/EM543_preprocessedStruct.zip","right_LGN_ROI.nii.gz","EM543/photoFlicker_2/ldogfix/noPseudo_EM543_photoFlicker_2_LplusS_RightEye.zip","EM543/photoFlicker_2/ldogfix/noPseudo_EM543_photoFlicker_2_LminusS_RightEye.zip","EM543/photoFlicker_2/ldogfix/noPseudo_EM543_photoFlicker_2_LightFlux_RightEye.zip",,,,,,,,,"photoFlickerSinaiAllModMeanEachEye.mat","'(polyDeg),13,(stimLabels),{ (L+S_rightEye_01),(L+S_rightEye_02),(L+S_rightEye_03),(L-S_rightEye_01),(L-S_rightEye_02),(L-S_rightEye_03),(LF_rightEye_01),(LF_rightEye_02),(LF_rightEye_03) },(avgAcqIdx),{ [1:144],[145:288],[289:432],[433:576],[577:720],[721:864],[865:1008],[1009:1152],[1153:1296] }'","rightEye_EM543_photoFlicker_2_mtSinai_LGN",
,,,,,,,,,,,,,,,,,
"EM529","EM529/photoFlicker_2/ldogstruct/EM529_preprocessedStruct.zip","left_canineV1all.nii.gz","EM529/photoFlicker_2/ldogfix/noPseudo_EM529_photoFlicker_2_LplusS_LeftEye.zip","EM529/photoFlicker_2/ldogfix/noPseudo_EM529_photoFlicker_2_LminusS_LeftEye.zip","EM529/photoFlicker_2/ldogfix/noPseudo_EM529_photoFlicker_2_LightFlux_LeftEye.zip",,,,,,,,,"photoFlickerSinaiAllModMeanEachEye.mat","'(polyDeg),13,(stimLabels),{ (L+S_leftEye_01),(L+S_leftEye_02),(L+S_leftEye_03),(L-S_leftEye_01),(L-S_leftEye_02),(L-S_leftEye_03),(LF_leftEye_01),(LF_leftEye_02),(LF_leftEye_03) },(avgAcqIdx),{ [1:144],[145:288],[289:432],[433:576],[577:720],[721:864],[865:1008],[1009:1152],[1153:1296] }'","leftHemi_EM529_photoFlicker_2_mtSinai_allV1",
"EM529","EM529/photoFlicker_2/ldogstruct/EM529_preprocessedStruct.zip","right_canineV1all.nii.gz","EM529/photoFlicker_2/ldogfix/noPseudo_EM529_photoFlicker_2_LplusS_RightEye.zip","EM529/photoFlicker_2/ldogfix/noPseudo_EM529_photoFlicker_2_LminusS_RightEye.zip","EM529/photoFlicker_2/ldogfix/noPseudo_EM529_photoFlicker_2_LightFlux_RightEye.zip",,,,,,,,,"photoFlickerSinaiAllModMeanEachEye.mat","'(polyDeg),13,(stimLabels),{ (L+S_rightEye_01),(L+S_rightEye_02),(L+S_rightEye_03),(L-S_rightEye_01),(L-S_rightEye_02),(L-S_rightEye_03),(LF_rightEye_01),(LF_rightEye_02),(LF_rightEye_03) },(avgAcqIdx),{ [1:144],[145:288],[289:432],[433:576],[577:720],[721:864],[865:1008],[1009:1152],[1153:1296] }'","rightEye_EM529_photoFlicker_2_mtSinai_allV1",
"EM529","EM529/photoFlicker_2/ldogstruct/EM529_preprocessedStruct.zip","left_LGN_ROI.nii.gz","EM529/photoFlicker_2/ldogfix/noPseudo_EM529_photoFlicker_2_LplusS_LeftEye.zip","EM529/photoFlicker_2/ldogfix/noPseudo_EM529_photoFlicker_2_LminusS_LeftEye.zip","EM529/photoFlicker_2/ldogfix/noPseudo_EM529_photoFlicker_2_LightFlux_LeftEye.zip",,,,,,,,,"photoFlickerSinaiAllModMeanEachEye.mat","'(polyDeg),13,(stimLabels),{ (L+S_leftEye_01),(L+S_leftEye_02),(L+S_leftEye_03),(L-S_leftEye_01),(L-S_leftEye_02),(L-S_leftEye_03),(LF_leftEye_01),(LF_leftEye_02),(LF_leftEye_03) },(avgAcqIdx),{ [1:144],[145:288],[289:432],[433:576],[577:720],[721:864],[865:1008],[1009:1152],[1153:1296] }'","leftHemi_EM529_photoFlicker_2_mtSinai_LGN",
"EM529","EM529/photoFlicker_2/ldogstruct/EM529_preprocessedStruct.zip","right_LGN_ROI.nii.gz","EM529/photoFlicker_2/ldogfix/noPseudo_EM529_photoFlicker_2_LplusS_RightEye.zip","EM529/photoFlicker_2/ldogfix/noPseudo_EM529_photoFlicker_2_LminusS_RightEye.zip","EM529/photoFlicker_2/ldogfix/noPseudo_EM529_photoFlicker_2_LightFlux_RightEye.zip",,,,,,,,,"photoFlickerSinaiAllModMeanEachEye.mat","'(polyDeg),13,(stimLabels),{ (L+S_rightEye_01),(L+S_rightEye_02),(L+S_rightEye_03),(L-S_rightEye_01),(L-S_rightEye_02),(L-S_rightEye_03),(LF_rightEye_01),(LF_rightEye_02),(LF_rightEye_03) },(avgAcqIdx),{ [1:144],[145:288],[289:432],[433:576],[577:720],[721:864],[865:1008],[1009:1152],[1153:1296] }'","rightEye_EM529_photoFlicker_2_mtSinai_LGN",
,,,,,,,,,,,,,,,,,
"N344","N344/photoFlicker_2/ldogstruct/N344_preprocessedStruct.zip","left_canineV1all.nii.gz","N344/photoFlicker_2/ldogfix/noPseudo_N344_photoFlicker_2_LplusS_LeftEye.zip","N344/photoFlicker_2/ldogfix/noPseudo_N344_photoFlicker_2_LminusS_LeftEye.zip","N344/photoFlicker_2/ldogfix/noPseudo_N344_photoFlicker_2_LightFlux_LeftEye.zip",,,,,,,,,"photoFlickerSinaiAllModMeanEachEye.mat","'(polyDeg),13,(stimLabels),{ (L+S_leftEye_01),(L+S_leftEye_02),(L+S_leftEye_03),(L-S_leftEye_01),(L-S_leftEye_02),(L-S_leftEye_03),(LF_leftEye_01),(LF_leftEye_02),(LF_leftEye_03) },(avgAcqIdx),{ [1:144],[145:288],[289:432],[433:576],[577:720],[721:864],[865:1008],[1009:1152],[1153:1296] }'","leftHemi_N344_photoFlicker_2_mtSinai_allV1",
"N344","N344/photoFlicker_2/ldogstruct/N344_preprocessedStruct.zip","right_canineV1all.nii.gz","N344/photoFlicker_2/ldogfix/noPseudo_N344_photoFlicker_2_LplusS_RightEye.zip","N344/photoFlicker_2/ldogfix/noPseudo_N344_photoFlicker_2_LminusS_RightEye.zip","N344/photoFlicker_2/ldogfix/noPseudo_N344_photoFlicker_2_LightFlux_RightEye.zip",,,,,,,,,"photoFlickerSinaiAllModMeanEachEye.mat","'(polyDeg),13,(stimLabels),{ (L+S_rightEye_01),(L+S_rightEye_02),(L+S_rightEye_03),(L-S_rightEye_01),(L-S_rightEye_02),(L-S_rightEye_03),(LF_rightEye_01),(LF_rightEye_02),(LF_rightEye_03) },(avgAcqIdx),{ [1:144],[145:288],[289:432],[433:576],[577:720],[721:864],[865:1008],[1009:1152],[1153:1296] }'","rightEye_N344_photoFlicker_2_mtSinai_allV1",
"N344","N344/photoFlicker_2/ldogstruct/N344_preprocessedStruct.zip","left_LGN_ROI.nii.gz","N344/photoFlicker_2/ldogfix/noPseudo_N344_photoFlicker_2_LplusS_LeftEye.zip","N344/photoFlicker_2/ldogfix/noPseudo_N344_photoFlicker_2_LminusS_LeftEye.zip","N344/photoFlicker_2/ldogfix/noPseudo_N344_photoFlicker_2_LightFlux_LeftEye.zip",,,,,,,,,"photoFlickerSinaiAllModMeanEachEye.mat","'(polyDeg),13,(stimLabels),{ (L+S_leftEye_01),(L+S_leftEye_02),(L+S_leftEye_03),(L-S_leftEye_01),(L-S_leftEye_02),(L-S_leftEye_03),(LF_leftEye_01),(LF_leftEye_02),(LF_leftEye_03) },(avgAcqIdx),{ [1:144],[145:288],[289:432],[433:576],[577:720],[721:864],[865:1008],[1009:1152],[1153:1296] }'","leftHemi_N344_photoFlicker_2_mtSinai_LGN",
"N344","N344/photoFlicker_2/ldogstruct/N344_preprocessedStruct.zip","right_LGN_ROI.nii.gz","N344/photoFlicker_2/ldogfix/noPseudo_N344_photoFlicker_2_LplusS_RightEye.zip","N344/photoFlicker_2/ldogfix/noPseudo_N344_photoFlicker_2_LminusS_RightEye.zip","N344/photoFlicker_2/ldogfix/noPseudo_N344_photoFlicker_2_LightFlux_RightEye.zip",,,,,,,,,"photoFlickerSinaiAllModMeanEachEye.mat","'(polyDeg),13,(stimLabels),{ (L+S_rightEye_01),(L+S_rightEye_02),(L+S_rightEye_03),(L-S_rightEye_01),(L-S_rightEye_02),(L-S_rightEye_03),(LF_rightEye_01),(LF_rightEye_02),(LF_rightEye_03) },(avgAcqIdx),{ [1:144],[145:288],[289:432],[433:576],[577:720],[721:864],[865:1008],[1009:1152],[1153:1296] }'","rightEye_N344_photoFlicker_2_mtSinai_LGN",
,,,,,,,,,,,,,,,,,
"N344","N344/photoFlicker_1/ldogstruct/N344_preprocessedStruct.zip","left_canineV1all.nii.gz","N344/photoFlicker_1/ldogfix/noPseudo_N344_photoFlicker_1_LplusS_LeftEye.zip","N344/photoFlicker_1/ldogfix/noPseudo_N344_photoFlicker_1_LminusS_LeftEye.zip","N344/photoFlicker_1/ldogfix/noPseudo_N344_photoFlicker_1_LightFlux_LeftEye.zip",,,,,,,,,"photoFlickerSinaiAllModMeanEachEye.mat","'(polyDeg),13,(stimLabels),{ (L+S_leftEye_01),(L+S_leftEye_02),(L+S_leftEye_03),(L-S_leftEye_01),(L-S_leftEye_02),(L-S_leftEye_03),(LF_leftEye_01),(LF_leftEye_02),(LF_leftEye_03) },(avgAcqIdx),{ [1:144],[145:288],[289:432],[433:576],[577:720],[721:864],[865:1008],[1009:1152],[1153:1296] }'","leftHemi_N344_photoFlicker_1_mtSinai_allV1",
"N344","N344/photoFlicker_1/ldogstruct/N344_preprocessedStruct.zip","right_canineV1all.nii.gz","N344/photoFlicker_1/ldogfix/noPseudo_N344_photoFlicker_1_LplusS_RightEye.zip","N344/photoFlicker_1/ldogfix/noPseudo_N344_photoFlicker_1_LminusS_RightEye.zip","N344/photoFlicker_1/ldogfix/noPseudo_N344_photoFlicker_1_LightFlux_RightEye.zip",,,,,,,,,"photoFlickerSinaiAllModMeanEachEye.mat","'(polyDeg),13,(stimLabels),{ (L+S_rightEye_01),(L+S_rightEye_02),(L+S_rightEye_03),(L-S_rightEye_01),(L-S_rightEye_02),(L-S_rightEye_03),(LF_rightEye_01),(LF_rightEye_02),(LF_rightEye_03) },(avgAcqIdx),{ [1:144],[145:288],[289:432],[433:576],[577:720],[721:864],[865:1008],[1009:1152],[1153:1296] }'","rightEye_N344_photoFlicker_1_mtSinai_allV1",
"N344","N344/photoFlicker_1/ldogstruct/N344_preprocessedStruct.zip","left_LGN_ROI.nii.gz","N344/photoFlicker_1/ldogfix/noPseudo_N344_photoFlicker_1_LplusS_LeftEye.zip","N344/photoFlicker_1/ldogfix/noPseudo_N344_photoFlicker_1_LminusS_LeftEye.zip","N344/photoFlicker_1/ldogfix/noPseudo_N344_photoFlicker_1_LightFlux_LeftEye.zip",,,,,,,,,"photoFlickerSinaiAllModMeanEachEye.mat","'(polyDeg),13,(stimLabels),{ (L+S_leftEye_01),(L+S_leftEye_02),(L+S_leftEye_03),(L-S_leftEye_01),(L-S_leftEye_02),(L-S_leftEye_03),(LF_leftEye_01),(LF_leftEye_02),(LF_leftEye_03) },(avgAcqIdx),{ [1:144],[145:288],[289:432],[433:576],[577:720],[721:864],[865:1008],[1009:1152],[1153:1296] }'","leftHemi_N344_photoFlicker_1_mtSinai_LGN",
"N344","N344/photoFlicker_1/ldogstruct/N344_preprocessedStruct.zip","right_LGN_ROI.nii.gz","N344/photoFlicker_1/ldogfix/noPseudo_N344_photoFlicker_1_LplusS_RightEye.zip","N344/photoFlicker_1/ldogfix/noPseudo_N344_photoFlicker_1_LminusS_RightEye.zip","N344/photoFlicker_1/ldogfix/noPseudo_N344_photoFlicker_1_LightFlux_RightEye.zip",,,,,,,,,"photoFlickerSinaiAllModMeanEachEye.mat","'(polyDeg),13,(stimLabels),{ (L+S_rightEye_01),(L+S_rightEye_02),(L+S_rightEye_03),(L-S_rightEye_01),(L-S_rightEye_02),(L-S_rightEye_03),(LF_rightEye_01),(LF_rightEye_02),(LF_rightEye_03) },(avgAcqIdx),{ [1:144],[145:288],[289:432],[433:576],[577:720],[721:864],[865:1008],[1009:1152],[1153:1296] }'","rightEye_N344_photoFlicker_1_mtSinai_LGN",
,,,,,,,,,,,,,,,,,
"EM543","EM543/photoFlicker_1/ldogstruct/EM543_preprocessedStruct.zip","left_canineV1all.nii.gz","EM543/photoFlicker_1/ldogfix/noPseudo_EM543_photoFlicker_1_LplusS_LeftEye.zip","EM543/photoFlicker_1/ldogfix/noPseudo_EM543_photoFlicker_1_LminusS_LeftEye.zip","EM543/photoFlicker_1/ldogfix/noPseudo_EM543_photoFlicker_1_LightFlux_LeftEye.zip",,,,,,,,,"photoFlickerSinaiAllModMeanEachEye.mat","'(polyDeg),13,(stimLabels),{ (L+S_leftEye_01),(L+S_leftEye_02),(L+S_leftEye_03),(L-S_leftEye_01),(L-S_leftEye_02),(L-S_leftEye_03),(LF_leftEye_01),(LF_leftEye_02),(LF_leftEye_03) },(avgAcqIdx),{ [1:144],[145:288],[289:432],[433:576],[577:720],[721:864],[865:1008],[1009:1152],[1153:1296] }'","leftHemi_EM543_photoFlicker_1_mtSinai_allV1",
"EM543","EM543/photoFlicker_1/ldogstruct/EM543_preprocessedStruct.zip","right_canineV1all.nii.gz","EM543/photoFlicker_1/ldogfix/noPseudo_EM543_photoFlicker_1_LplusS_RightEye.zip","EM543/photoFlicker_1/ldogfix/noPseudo_EM543_photoFlicker_1_LminusS_RightEye.zip","EM543/photoFlicker_1/ldogfix/noPseudo_EM543_photoFlicker_1_LightFlux_RightEye.zip",,,,,,,,,"photoFlickerSinaiAllModMeanEachEye.mat","'(polyDeg),13,(stimLabels),{ (L+S_rightEye_01),(L+S_rightEye_02),(L+S_rightEye_03),(L-S_rightEye_01),(L-S_rightEye_02),(L-S_rightEye_03),(LF_rightEye_01),(LF_rightEye_02),(LF_rightEye_03) },(avgAcqIdx),{ [1:144],[145:288],[289:432],[433:576],[577:720],[721:864],[865:1008],[1009:1152],[1153:1296] }'","rightEye_EM543_photoFlicker_1_mtSinai_allV1",
"EM543","EM543/photoFlicker_1/ldogstruct/EM543_preprocessedStruct.zip","left_LGN_ROI.nii.gz","EM543/photoFlicker_1/ldogfix/noPseudo_EM543_photoFlicker_1_LplusS_LeftEye.zip","EM543/photoFlicker_1/ldogfix/noPseudo_EM543_photoFlicker_1_LminusS_LeftEye.zip","EM543/photoFlicker_1/ldogfix/noPseudo_EM543_photoFlicker_1_LightFlux_LeftEye.zip",,,,,,,,,"photoFlickerSinaiAllModMeanEachEye.mat","'(polyDeg),13,(stimLabels),{ (L+S_leftEye_01),(L+S_leftEye_02),(L+S_leftEye_03),(L-S_leftEye_01),(L-S_leftEye_02),(L-S_leftEye_03),(LF_leftEye_01),(LF_leftEye_02),(LF_leftEye_03) },(avgAcqIdx),{ [1:144],[145:288],[289:432],[433:576],[577:720],[721:864],[865:1008],[1009:1152],[1153:1296] }'","leftHemi_EM543_photoFlicker_1_mtSinai_LGN",
"EM543","EM543/photoFlicker_1/ldogstruct/EM543_preprocessedStruct.zip","right_LGN_ROI.nii.gz","EM543/photoFlicker_1/ldogfix/noPseudo_EM543_photoFlicker_1_LplusS_RightEye.zip","EM543/photoFlicker_1/ldogfix/noPseudo_EM543_photoFlicker_1_LminusS_RightEye.zip","EM543/photoFlicker_1/ldogfix/noPseudo_EM543_photoFlicker_1_LightFlux_RightEye.zip",,,,,,,,,"photoFlickerSinaiAllModMeanEachEye.mat","'(polyDeg),13,(stimLabels),{ (L+S_rightEye_01),(L+S_rightEye_02),(L+S_rightEye_03),(L-S_rightEye_01),(L-S_rightEye_02),(L-S_rightEye_03),(LF_rightEye_01),(LF_rightEye_02),(LF_rightEye_03) },(avgAcqIdx),{ [1:144],[145:288],[289:432],[433:576],[577:720],[721:864],[865:1008],[1009:1152],[1153:1296] }'","rightEye_EM543_photoFlicker_1_mtSinai_LGN",
,,,,,,,,,,,,,,,,,
"EM529","EM529/photoFlicker_1/ldogstruct/EM529_preprocessedStruct.zip","left_canineV1all.nii.gz","EM529/photoFlicker_1/ldogfix/noPseudo_EM529_photoFlicker_1_LplusS_LeftEye.zip","EM529/photoFlicker_1/ldogfix/noPseudo_EM529_photoFlicker_1_LminusS_LeftEye.zip","EM529/photoFlicker_1/ldogfix/noPseudo_EM529_photoFlicker_1_LightFlux_LeftEye.zip",,,,,,,,,"photoFlickerSinaiAllModMeanEachEye.mat","'(polyDeg),13,(stimLabels),{ (L+S_leftEye_01),(L+S_leftEye_02),(L+S_leftEye_03),(L-S_leftEye_01),(L-S_leftEye_02),(L-S_leftEye_03),(LF_leftEye_01),(LF_leftEye_02),(LF_leftEye_03) },(avgAcqIdx),{ [1:144],[145:288],[289:432],[433:576],[577:720],[721:864],[865:1008],[1009:1152],[1153:1296] }'","leftHemi_EM529_photoFlicker_1_mtSinai_allV1",
"EM529","EM529/photoFlicker_1/ldogstruct/EM529_preprocessedStruct.zip","right_canineV1all.nii.gz","EM529/photoFlicker_1/ldogfix/noPseudo_EM529_photoFlicker_1_LplusS_RightEye.zip","EM529/photoFlicker_1/ldogfix/noPseudo_EM529_photoFlicker_1_LminusS_RightEye.zip","EM529/photoFlicker_1/ldogfix/noPseudo_EM529_photoFlicker_1_LightFlux_RightEye.zip",,,,,,,,,"photoFlickerSinaiAllModMeanEachEye.mat","'(polyDeg),13,(stimLabels),{ (L+S_rightEye_01),(L+S_rightEye_02),(L+S_rightEye_03),(L-S_rightEye_01),(L-S_rightEye_02),(L-S_rightEye_03),(LF_rightEye_01),(LF_rightEye_02),(LF_rightEye_03) },(avgAcqIdx),{ [1:144],[145:288],[289:432],[433:576],[577:720],[721:864],[865:1008],[1009:1152],[1153:1296] }'","rightEye_EM529_photoFlicker_1_mtSinai_allV1",
"EM529","EM529/photoFlicker_1/ldogstruct/EM529_preprocessedStruct.zip","left_LGN_ROI.nii.gz","EM529/photoFlicker_1/ldogfix/noPseudo_EM529_photoFlicker_1_LplusS_LeftEye.zip","EM529/photoFlicker_1/ldogfix/noPseudo_EM529_photoFlicker_1_LminusS_LeftEye.zip","EM529/photoFlicker_1/ldogfix/noPseudo_EM529_photoFlicker_1_LightFlux_LeftEye.zip",,,,,,,,,"photoFlickerSinaiAllModMeanEachEye.mat","'(polyDeg),13,(stimLabels),{ (L+S_leftEye_01),(L+S_leftEye_02),(L+S_leftEye_03),(L-S_leftEye_01),(L-S_leftEye_02),(L-S_leftEye_03),(LF_leftEye_01),(LF_leftEye_02),(LF_leftEye_03) },(avgAcqIdx),{ [1:144],[145:288],[289:432],[433:576],[577:720],[721:864],[865:1008],[1009:1152],[1153:1296] }'","leftHemi_EM529_photoFlicker_1_mtSinai_LGN",
"EM529","EM529/photoFlicker_1/ldogstruct/EM529_preprocessedStruct.zip","right_LGN_ROI.nii.gz","EM529/photoFlicker_1/ldogfix/noPseudo_EM529_photoFlicker_1_LplusS_RightEye.zip","EM529/photoFlicker_1/ldogfix/noPseudo_EM529_photoFlicker_1_LminusS_RightEye.zip","EM529/photoFlicker_1/ldogfix/noPseudo_EM529_photoFlicker_1_LightFlux_RightEye.zip",,,,,,,,,"photoFlickerSinaiAllModMeanEachEye.mat","'(polyDeg),13,(stimLabels),{ (L+S_rightEye_01),(L+S_rightEye_02),(L+S_rightEye_03),(L-S_rightEye_01),(L-S_rightEye_02),(L-S_rightEye_03),(LF_rightEye_01),(LF_rightEye_02),(LF_rightEye_03) },(avgAcqIdx),{ [1:144],[145:288],[289:432],[433:576],[577:720],[721:864],[865:1008],[1009:1152],[1153:1296] }'","rightEye_EM529_photoFlicker_1_mtSinai_LGN",
,,,,,,,,,,,,,,,,,
2356,"2356/photoFlicker_1/ldogstruct/2356_preprocessedStruct.zip","left_canineV1all.nii.gz","2356/photoFlicker_1/ldogfix/noPseudo_2356_photoFlicker_1_LplusS_LeftEye.zip","2356/photoFlicker_1/ldogfix/noPseudo_2356_photoFlicker_1_LminusS_LeftEye.zip","2356/photoFlicker_1/ldogfix/noPseudo_2356_photoFlicker_1_LightFlux_LeftEye.zip",,,,,,,,,"photoFlickerSinaiAllModMeanEachEye.mat","'(polyDeg),13,(stimLabels),{ (L+S_leftEye_01),(L+S_leftEye_02),(L+S_leftEye_03),(L-S_leftEye_01),(L-S_leftEye_02),(L-S_leftEye_03),(LF_leftEye_01),(LF_leftEye_02),(LF_leftEye_03) },(avgAcqIdx),{ [1:144],[145:288],[289:432],[433:576],[577:720],[721:864],[865:1008],[1009:1152],[1153:1296] }'","leftHemi_2356_photoFlicker_1_mtSinai_allV1",
2356,"2356/photoFlicker_1/ldogstruct/2356_preprocessedStruct.zip","right_canineV1all.nii.gz","2356/photoFlicker_1/ldogfix/noPseudo_2356_photoFlicker_1_LplusS_RightEye.zip","2356/photoFlicker_1/ldogfix/noPseudo_2356_photoFlicker_1_LminusS_RightEye.zip","2356/photoFlicker_1/ldogfix/noPseudo_2356_photoFlicker_1_LightFlux_RightEye.zip",,,,,,,,,"photoFlickerSinaiAllModMeanEachEye.mat","'(polyDeg),13,(stimLabels),{ (L+S_rightEye_01),(L+S_rightEye_02),(L+S_rightEye_03),(L-S_rightEye_01),(L-S_rightEye_02),(L-S_rightEye_03),(LF_rightEye_01),(LF_rightEye_02),(LF_rightEye_03) },(avgAcqIdx),{ [1:144],[145:288],[289:432],[433:576],[577:720],[721:864],[865:1008],[1009:1152],[1153:1296] }'","rightEye_2356_photoFlicker_1_mtSinai_allV1",
2356,"2356/photoFlicker_1/ldogstruct/2356_preprocessedStruct.zip","left_LGN_ROI.nii.gz","2356/photoFlicker_1/ldogfix/noPseudo_2356_photoFlicker_1_LplusS_LeftEye.zip","2356/photoFlicker_1/ldogfix/noPseudo_2356_photoFlicker_1_LminusS_LeftEye.zip","2356/photoFlicker_1/ldogfix/noPseudo_2356_photoFlicker_1_LightFlux_LeftEye.zip",,,,,,,,,"photoFlickerSinaiAllModMeanEachEye.mat","'(polyDeg),13,(stimLabels),{ (L+S_leftEye_01),(L+S_leftEye_02),(L+S_leftEye_03),(L-S_leftEye_01),(L-S_leftEye_02),(L-S_leftEye_03),(LF_leftEye_01),(LF_leftEye_02),(LF_leftEye_03) },(avgAcqIdx),{ [1:144],[145:288],[289:432],[433:576],[577:720],[721:864],[865:1008],[1009:1152],[1153:1296] }'","leftHemi_2356_photoFlicker_1_mtSinai_LGN",
2356,"2356/photoFlicker_1/ldogstruct/2356_preprocessedStruct.zip","right_LGN_ROI.nii.gz","2356/photoFlicker_1/ldogfix/noPseudo_2356_photoFlicker_1_LplusS_RightEye.zip","2356/photoFlicker_1/ldogfix/noPseudo_2356_photoFlicker_1_LminusS_RightEye.zip","2356/photoFlicker_1/ldogfix/noPseudo_2356_photoFlicker_1_LightFlux_RightEye.zip",,,,,,,,,"photoFlickerSinaiAllModMeanEachEye.mat","'(polyDeg),13,(stimLabels),{ (L+S_rightEye_01),(L+S_rightEye_02),(L+S_rightEye_03),(L-S_rightEye_01),(L-S_rightEye_02),(L-S_rightEye_03),(LF_rightEye_01),(LF_rightEye_02),(LF_rightEye_03) },(avgAcqIdx),{ [1:144],[145:288],[289:432],[433:576],[577:720],[721:864],[865:1008],[1009:1152],[1153:1296] }'","rightEye_2356_photoFlicker_1_mtSinai_LGN",
,,,,,,,,,,,,,,,,,
2353,"2353/photoFlicker_1/ldogstruct/2353_preprocessedStruct.zip","left_canineV1all.nii.gz","2353/photoFlicker_1/ldogfix/noPseudo_2353_photoFlicker_1_LplusS_LeftEye.zip","2353/photoFlicker_1/ldogfix/noPseudo_2353_photoFlicker_1_LminusS_LeftEye.zip","2353/photoFlicker_1/ldogfix/noPseudo_2353_photoFlicker_1_LightFlux_LeftEye.zip",,,,,,,,,"photoFlickerSinaiAllModMeanEachEye.mat","'(polyDeg),13,(stimLabels),{ (L+S_leftEye_01),(L+S_leftEye_02),(L+S_leftEye_03),(L-S_leftEye_01),(L-S_leftEye_02),(L-S_leftEye_03),(LF_leftEye_01),(LF_leftEye_02),(LF_leftEye_03) },(avgAcqIdx),{ [1:144],[145:288],[289:432],[433:576],[577:720],[721:864],[865:1008],[1009:1152],[1153:1296] }'","leftHemi_2353_photoFlicker_1_mtSinai_allV1",
2353,"2353/photoFlicker_1/ldogstruct/2353_preprocessedStruct.zip","right_canineV1all.nii.gz","2353/photoFlicker_1/ldogfix/noPseudo_2353_photoFlicker_1_LplusS_RightEye.zip","2353/photoFlicker_1/ldogfix/noPseudo_2353_photoFlicker_1_LminusS_RightEye.zip","2353/photoFlicker_1/ldogfix/noPseudo_2353_photoFlicker_1_LightFlux_RightEye.zip",,,,,,,,,"photoFlickerSinaiAllModMeanEachEye.mat","'(polyDeg),13,(stimLabels),{ (L+S_rightEye_01),(L+S_rightEye_02),(L+S_rightEye_03),(L-S_rightEye_01),(L-S_rightEye_02),(L-S_rightEye_03),(LF_rightEye_01),(LF_rightEye_02),(LF_rightEye_03) },(avgAcqIdx),{ [1:144],[145:288],[289:432],[433:576],[577:720],[721:864],[865:1008],[1009:1152],[1153:1296] }'","rightEye_2353_photoFlicker_1_mtSinai_allV1",
2353,"2353/photoFlicker_1/ldogstruct/2353_preprocessedStruct.zip","left_LGN_ROI.nii.gz","2353/photoFlicker_1/ldogfix/noPseudo_2353_photoFlicker_1_LplusS_LeftEye.zip","2353/photoFlicker_1/ldogfix/noPseudo_2353_photoFlicker_1_LminusS_LeftEye.zip","2353/photoFlicker_1/ldogfix/noPseudo_2353_photoFlicker_1_LightFlux_LeftEye.zip",,,,,,,,,"photoFlickerSinaiAllModMeanEachEye.mat","'(polyDeg),13,(stimLabels),{ (L+S_leftEye_01),(L+S_leftEye_02),(L+S_leftEye_03),(L-S_leftEye_01),(L-S_leftEye_02),(L-S_leftEye_03),(LF_leftEye_01),(LF_leftEye_02),(LF_leftEye_03) },(avgAcqIdx),{ [1:144],[145:288],[289:432],[433:576],[577:720],[721:864],[865:1008],[1009:1152],[1153:1296] }'","leftHemi_2353_photoFlicker_1_mtSinai_LGN",
2353,"2353/photoFlicker_1/ldogstruct/2353_preprocessedStruct.zip","right_LGN_ROI.nii.gz","2353/photoFlicker_1/ldogfix/noPseudo_2353_photoFlicker_1_LplusS_RightEye.zip","2353/photoFlicker_1/ldogfix/noPseudo_2353_photoFlicker_1_LminusS_RightEye.zip","2353/photoFlicker_1/ldogfix/noPseudo_2353_photoFlicker_1_LightFlux_RightEye.zip",,,,,,,,,"photoFlickerSinaiAllModMeanEachEye.mat","'(polyDeg),13,(stimLabels),{ (L+S_rightEye_01),(L+S_rightEye_02),(L+S_rightEye_03),(L-S_rightEye_01),(L-S_rightEye_02),(L-S_rightEye_03),(LF_rightEye_01),(LF_rightEye_02),(LF_rightEye_03) },(avgAcqIdx),{ [1:144],[145:288],[289:432],[433:576],[577:720],[721:864],[865:1008],[1009:1152],[1153:1296] }'","rightEye_2353_photoFlicker_1_mtSinai_LGN",
,,,,,,,,,,,,,,,,,
2350,"2350/photoFlicker_1/ldogstruct/2350_preprocessedStruct.zip","left_canineV1all.nii.gz","2350/photoFlicker_1/ldogfix/noPseudo_2350_photoFlicker_1_LplusS_LeftEye.zip","2350/photoFlicker_1/ldogfix/noPseudo_2350_photoFlicker_1_LminusS_LeftEye.zip","2350/photoFlicker_1/ldogfix/noPseudo_2350_photoFlicker_1_LightFlux_LeftEye.zip",,,,,,,,,"photoFlickerSinaiAllModMeanEachEye.mat","'(polyDeg),13,(stimLabels),{ (L+S_leftEye_01),(L+S_leftEye_02),(L+S_leftEye_03),(L-S_leftEye_01),(L-S_leftEye_02),(L-S_leftEye_03),(LF_leftEye_01),(LF_leftEye_02),(LF_leftEye_03) },(avgAcqIdx),{ [1:144],[145:288],[289:432],[433:576],[577:720],[721:864],[865:1008],[1009:1152],[1153:1296] }'","leftHemi_2350_photoFlicker_1_mtSinai_allV1",
2350,"2350/photoFlicker_1/ldogstruct/2350_preprocessedStruct.zip","right_canineV1all.nii.gz","2350/photoFlicker_1/ldogfix/noPseudo_2350_photoFlicker_1_LplusS_RightEye.zip","2350/photoFlicker_1/ldogfix/noPseudo_2350_photoFlicker_1_LminusS_RightEye.zip","2350/photoFlicker_1/ldogfix/noPseudo_2350_photoFlicker_1_LightFlux_RightEye.zip",,,,,,,,,"photoFlickerSinaiAllModMeanEachEye.mat","'(polyDeg),13,(stimLabels),{ (L+S_rightEye_01),(L+S_rightEye_02),(L+S_rightEye_03),(L-S_rightEye_01),(L-S_rightEye_02),(L-S_rightEye_03),(LF_rightEye_01),(LF_rightEye_02),(LF_rightEye_03) },(avgAcqIdx),{ [1:144],[145:288],[289:432],[433:576],[577:720],[721:864],[865:1008],[1009:1152],[1153:1296] }'","rightEye_2350_photoFlicker_1_mtSinai_allV1",
2350,"2350/photoFlicker_1/ldogstruct/2350_preprocessedStruct.zip","left_LGN_ROI.nii.gz","2350/photoFlicker_1/ldogfix/noPseudo_2350_photoFlicker_1_LplusS_LeftEye.zip","2350/photoFlicker_1/ldogfix/noPseudo_2350_photoFlicker_1_LminusS_LeftEye.zip","2350/photoFlicker_1/ldogfix/noPseudo_2350_photoFlicker_1_LightFlux_LeftEye.zip",,,,,,,,,"photoFlickerSinaiAllModMeanEachEye.mat","'(polyDeg),13,(stimLabels),{ (L+S_leftEye_01),(L+S_leftEye_02),(L+S_leftEye_03),(L-S_leftEye_01),(L-S_leftEye_02),(L-S_leftEye_03),(LF_leftEye_01),(LF_leftEye_02),(LF_leftEye_03) },(avgAcqIdx),{ [1:144],[145:288],[289:432],[433:576],[577:720],[721:864],[865:1008],[1009:1152],[1153:1296] }'","leftHemi_2350_photoFlicker_1_mtSinai_LGN",
2350,"2350/photoFlicker_1/ldogstruct/2350_preprocessedStruct.zip","right_LGN_ROI.nii.gz","2350/photoFlicker_1/ldogfix/noPseudo_2350_photoFlicker_1_LplusS_RightEye.zip","2350/photoFlicker_1/ldogfix/noPseudo_2350_photoFlicker_1_LminusS_RightEye.zip","2350/photoFlicker_1/ldogfix/noPseudo_2350_photoFlicker_1_LightFlux_RightEye.zip",,,,,,,,,"photoFlickerSinaiAllModMeanEachEye.mat","'(polyDeg),13,(stimLabels),{ (L+S_rightEye_01),(L+S_rightEye_02),(L+S_rightEye_03),(L-S_rightEye_01),(L-S_rightEye_02),(L-S_rightEye_03),(LF_rightEye_01),(LF_rightEye_02),(LF_rightEye_03) },(avgAcqIdx),{ [1:144],[145:288],[289:432],[433:576],[577:720],[721:864],[865:1008],[1009:1152],[1153:1296] }'","rightEye_2350_photoFlicker_1_mtSinai_LGN",
,,,,,,,,,,,,,,,,,
"Z666","Z666/photoFlicker_1/ldogstruct/Z666_preprocessedStruct.zip","left_canineV1all.nii.gz","Z666/photoFlicker_1/ldogfix/noPseudo_Z666_photoFlicker_1_LplusS_LeftEye.zip","Z666/photoFlicker_1/ldogfix/noPseudo_Z666_photoFlicker_1_LminusS_LeftEye.zip","Z666/photoFlicker_1/ldogfix/noPseudo_Z666_photoFlicker_1_LightFlux_LeftEye.zip",,,,,,,,,"photoFlickerSinaiAllModMeanEachEye.mat","'(polyDeg),13,(stimLabels),{ (L+S_leftEye_01),(L+S_leftEye_02),(L+S_leftEye_03),(L-S_leftEye_01),(L-S_leftEye_02),(L-S_leftEye_03),(LF_leftEye_01),(LF_leftEye_02),(LF_leftEye_03) },(avgAcqIdx),{ [1:144],[145:288],[289:432],[433:576],[577:720],[721:864],[865:1008],[1009:1152],[1153:1296] }'","leftHemi_Z666_photoFlicker_1_mtSinai_allV1",
"Z666","Z666/photoFlicker_1/ldogstruct/Z666_preprocessedStruct.zip","right_canineV1all.nii.gz","Z666/photoFlicker_1/ldogfix/noPseudo_Z666_photoFlicker_1_LplusS_RightEye.zip","Z666/photoFlicker_1/ldogfix/noPseudo_Z666_photoFlicker_1_LminusS_RightEye.zip","Z666/photoFlicker_1/ldogfix/noPseudo_Z666_photoFlicker_1_LightFlux_RightEye.zip",,,,,,,,,"photoFlickerSinaiAllModMeanEachEye.mat","'(polyDeg),13,(stimLabels),{ (L+S_rightEye_01),(L+S_rightEye_02),(L+S_rightEye_03),(L-S_rightEye_01),(L-S_rightEye_02),(L-S_rightEye_03),(LF_rightEye_01),(LF_rightEye_02),(LF_rightEye_03) },(avgAcqIdx),{ [1:144],[145:288],[289:432],[433:576],[577:720],[721:864],[865:1008],[1009:1152],[1153:1296] }'","rightEye_Z666_photoFlicker_1_mtSinai_allV1",
"Z666","Z666/photoFlicker_1/ldogstruct/Z666_preprocessedStruct.zip","left_LGN_ROI.nii.gz","Z666/photoFlicker_1/ldogfix/noPseudo_Z666_photoFlicker_1_LplusS_LeftEye.zip","Z666/photoFlicker_1/ldogfix/noPseudo_Z666_photoFlicker_1_LminusS_LeftEye.zip","Z666/photoFlicker_1/ldogfix/noPseudo_Z666_photoFlicker_1_LightFlux_LeftEye.zip",,,,,,,,,"photoFlickerSinaiAllModMeanEachEye.mat","'(polyDeg),13,(stimLabels),{ (L+S_leftEye_01),(L+S_leftEye_02),(L+S_leftEye_03),(L-S_leftEye_01),(L-S_leftEye_02),(L-S_leftEye_03),(LF_leftEye_01),(LF_leftEye_02),(LF_leftEye_03) },(avgAcqIdx),{ [1:144],[145:288],[289:432],[433:576],[577:720],[721:864],[865:1008],[1009:1152],[1153:1296] }'","leftHemi_Z666_photoFlicker_1_mtSinai_LGN",
"Z666","Z666/photoFlicker_1/ldogstruct/Z666_preprocessedStruct.zip","right_LGN_ROI.nii.gz","Z666/photoFlicker_1/ldogfix/noPseudo_Z666_photoFlicker_1_LplusS_RightEye.zip","Z666/photoFlicker_1/ldogfix/noPseudo_Z666_photoFlicker_1_LminusS_RightEye.zip","Z666/photoFlicker_1/ldogfix/noPseudo_Z666_photoFlicker_1_LightFlux_RightEye.zip",,,,,,,,,"photoFlickerSinaiAllModMeanEachEye.mat","'(polyDeg),13,(stimLabels),{ (L+S_rightEye_01),(L+S_rightEye_02),(L+S_rightEye_03),(L-S_rightEye_01),(L-S_rightEye_02),(L-S_rightEye_03),(LF_rightEye_01),(LF_rightEye_02),(LF_rightEye_03) },(avgAcqIdx),{ [1:144],[145:288],[289:432],[433:576],[577:720],[721:864],[865:1008],[1009:1152],[1153:1296] }'","rightEye_Z666_photoFlicker_1_mtSinai_LGN",
,,,,,,,,,,,,,,,,,
"Z665","Z665/photoFlicker_1/ldogstruct/Z665_preprocessedStruct.zip","left_canineV1all.nii.gz","Z665/photoFlicker_1/ldogfix/noPseudo_Z665_photoFlicker_1_LplusS_LeftEye.zip","Z665/photoFlicker_1/ldogfix/noPseudo_Z665_photoFlicker_1_LminusS_LeftEye.zip","Z665/photoFlicker_1/ldogfix/noPseudo_Z665_photoFlicker_1_LightFlux_LeftEye.zip",,,,,,,,,"photoFlickerSinaiAllModMeanEachEye.mat","'(polyDeg),13,(stimLabels),{ (L+S_leftEye_01),(L+S_leftEye_02),(L+S_leftEye_03),(L-S_leftEye_01),(L-S_leftEye_02),(L-S_leftEye_03),(LF_leftEye_01),(LF_leftEye_02),(LF_leftEye_03) },(avgAcqIdx),{ [1:144],[145:288],[289:432],[433:576],[577:720],[721:864],[865:1008],[1009:1152],[1153:1296] }'","leftHemi_Z665_photoFlicker_1_mtSinai_allV1",
"Z665","Z665/photoFlicker_1/ldogstruct/Z665_preprocessedStruct.zip","right_canineV1all.nii.gz","Z665/photoFlicker_1/ldogfix/noPseudo_Z665_photoFlicker_1_LplusS_RightEye.zip","Z665/photoFlicker_1/ldogfix/noPseudo_Z665_photoFlicker_1_LminusS_RightEye.zip","Z665/photoFlicker_1/ldogfix/noPseudo_Z665_photoFlicker_1_LightFlux_RightEye.zip",,,,,,,,,"photoFlickerSinaiAllModMeanEachEye.mat","'(polyDeg),13,(stimLabels),{ (L+S_rightEye_01),(L+S_rightEye_02),(L+S_rightEye_03),(L-S_rightEye_01),(L-S_rightEye_02),(L-S_rightEye_03),(LF_rightEye_01),(LF_rightEye_02),(LF_rightEye_03) },(avgAcqIdx),{ [1:144],[145:288],[289:432],[433:576],[577:720],[721:864],[865:1008],[1009:1152],[1153:1296] }'","rightEye_Z665_photoFlicker_1_mtSinai_allV1",
"Z665","Z665/photoFlicker_1/ldogstruct/Z665_preprocessedStruct.zip","left_LGN_ROI.nii.gz","Z665/photoFlicker_1/ldogfix/noPseudo_Z665_photoFlicker_1_LplusS_LeftEye.zip","Z665/photoFlicker_1/ldogfix/noPseudo_Z665_photoFlicker_1_LminusS_LeftEye.zip","Z665/photoFlicker_1/ldogfix/noPseudo_Z665_photoFlicker_1_LightFlux_LeftEye.zip",,,,,,,,,"photoFlickerSinaiAllModMeanEachEye.mat","'(polyDeg),13,(stimLabels),{ (L+S_leftEye_01),(L+S_leftEye_02),(L+S_leftEye_03),(L-S_leftEye_01),(L-S_leftEye_02),(L-S_leftEye_03),(LF_leftEye_01),(LF_leftEye_02),(LF_leftEye_03) },(avgAcqIdx),{ [1:144],[145:288],[289:432],[433:576],[577:720],[721:864],[865:1008],[1009:1152],[1153:1296] }'","leftHemi_Z665_photoFlicker_1_mtSinai_LGN",
"Z665","Z665/photoFlicker_1/ldogstruct/Z665_preprocessedStruct.zip","right_LGN_ROI.nii.gz","Z665/photoFlicker_1/ldogfix/noPseudo_Z665_photoFlicker_1_LplusS_RightEye.zip","Z665/photoFlicker_1/ldogfix/noPseudo_Z665_photoFlicker_1_LminusS_RightEye.zip","Z665/photoFlicker_1/ldogfix/noPseudo_Z665_photoFlicker_1_LightFlux_RightEye.zip",,,,,,,,,"photoFlickerSinaiAllModMeanEachEye.mat","'(polyDeg),13,(stimLabels),{ (L+S_rightEye_01),(L+S_rightEye_02),(L+S_rightEye_03),(L-S_rightEye_01),(L-S_rightEye_02),(L-S_rightEye_03),(LF_rightEye_01),(LF_rightEye_02),(LF_rightEye_03) },(avgAcqIdx),{ [1:144],[145:288],[289:432],[433:576],[577:720],[721:864],[865:1008],[1009:1152],[1153:1296] }'","rightEye_Z665_photoFlicker_1_mtSinai_LGN",
,,,,,,,,,,,,,,,,,
"Z663","Z663/photoFlicker_1/ldogstruct/Z663_preprocessedStruct.zip","left_canineV1all.nii.gz","Z663/photoFlicker_1/ldogfix/noPseudo_Z663_photoFlicker_1_LplusS_LeftEye.zip","Z663/photoFlicker_1/ldogfix/noPseudo_Z663_photoFlicker_1_LminusS_LeftEye.zip","Z663/photoFlicker_1/ldogfix/noPseudo_Z663_photoFlicker_1_LightFlux_LeftEye.zip",,,,,,,,,"photoFlickerSinaiAllModMeanEachEye.mat","'(polyDeg),13,(stimLabels),{ (L+S_leftEye_01),(L+S_leftEye_02),(L+S_leftEye_03),(L-S_leftEye_01),(L-S_leftEye_02),(L-S_leftEye_03),(LF_leftEye_01),(LF_leftEye_02),(LF_leftEye_03) },(avgAcqIdx),{ [1:144],[145:288],[289:432],[433:576],[577:720],[721:864],[865:1008],[1009:1152],[1153:1296] }'","leftHemi_Z663_photoFlicker_1_mtSinai_allV1",
"Z663","Z663/photoFlicker_1/ldogstruct/Z663_preprocessedStruct.zip","right_canineV1all.nii.gz","Z663/photoFlicker_1/ldogfix/noPseudo_Z663_photoFlicker_1_LplusS_RightEye.zip","Z663/photoFlicker_1/ldogfix/noPseudo_Z663_photoFlicker_1_LminusS_RightEye.zip","Z663/photoFlicker_1/ldogfix/noPseudo_Z663_photoFlicker_1_LightFlux_RightEye.zip",,,,,,,,,"photoFlickerSinaiAllModMeanEachEye.mat","'(polyDeg),13,(stimLabels),{ (L+S_rightEye_01),(L+S_rightEye_02),(L+S_rightEye_03),(L-S_rightEye_01),(L-S_rightEye_02),(L-S_rightEye_03),(LF_rightEye_01),(LF_rightEye_02),(LF_rightEye_03) },(avgAcqIdx),{ [1:144],[145:288],[289:432],[433:576],[577:720],[721:864],[865:1008],[1009:1152],[1153:1296] }'","rightEye_Z663_photoFlicker_1_mtSinai_allV1",
"Z663","Z663/photoFlicker_1/ldogstruct/Z663_preprocessedStruct.zip","left_LGN_ROI.nii.gz","Z663/photoFlicker_1/ldogfix/noPseudo_Z663_photoFlicker_1_LplusS_LeftEye.zip","Z663/photoFlicker_1/ldogfix/noPseudo_Z663_photoFlicker_1_LminusS_LeftEye.zip","Z663/photoFlicker_1/ldogfix/noPseudo_Z663_photoFlicker_1_LightFlux_LeftEye.zip",,,,,,,,,"photoFlickerSinaiAllModMeanEachEye.mat","'(polyDeg),13,(stimLabels),{ (L+S_leftEye_01),(L+S_leftEye_02),(L+S_leftEye_03),(L-S_leftEye_01),(L-S_leftEye_02),(L-S_leftEye_03),(LF_leftEye_01),(LF_leftEye_02),(LF_leftEye_03) },(avgAcqIdx),{ [1:144],[145:288],[289:432],[433:576],[577:720],[721:864],[865:1008],[1009:1152],[1153:1296] }'","leftHemi_Z663_photoFlicker_1_mtSinai_LGN",
"Z663","Z663/photoFlicker_1/ldogstruct/Z663_preprocessedStruct.zip","right_LGN_ROI.nii.gz","Z663/photoFlicker_1/ldogfix/noPseudo_Z663_photoFlicker_1_LplusS_RightEye.zip","Z663/photoFlicker_1/ldogfix/noPseudo_Z663_photoFlicker_1_LminusS_RightEye.zip","Z663/photoFlicker_1/ldogfix/noPseudo_Z663_photoFlicker_1_LightFlux_RightEye.zip",,,,,,,,,"photoFlickerSinaiAllModMeanEachEye.mat","'(polyDeg),13,(stimLabels),{ (L+S_rightEye_01),(L+S_rightEye_02),(L+S_rightEye_03),(L-S_rightEye_01),(L-S_rightEye_02),(L-S_rightEye_03),(LF_rightEye_01),(LF_rightEye_02),(LF_rightEye_03) },(avgAcqIdx),{ [1:144],[145:288],[289:432],[433:576],[577:720],[721:864],[865:1008],[1009:1152],[1153:1296] }'","rightEye_Z663_photoFlicker_1_mtSinai_LGN",
,,,,,,,,,,,,,,,,,
"stop",,,,,,,,,,,,,,,,,
,,,,,,,,,,,,,,,,,
"This analysis uses the MtSinai model to fit each acquisition separately, and does so for the average signal within regions of interest.",,,,,,,,,,,,,,,,,
