projectLabel,canineFovea,gearName,ldogFix,rootSession,EPI_01,ConfigKeys,"{'archiveName','smoothingSigma','convertToPercentChangeSignal','makePseudoHemisphere','regressGlobalSignal'}",ConfigVals,"{archiveName,'1','true','true','false'}",,,,,,,,,,,,,,,
Inputs,EPI_01,EPI_02,EPI_03,EPI_04,EPI_05,EPI_06,EPI_07,EPI_08,EPI_09,EPI_10,EPI_11,EPI_12,EPI_13,EPI_14,EPI_15,EPI_16,EPI_17,EPI_18,EPI_19,EPI_20,stimFile,archiveName,analysisSubmissionTag,
DefaultLabel,,,,,,,,,,,,,,,,,,,,,,,,
FileSuffix,zip,zip,zip,zip,zip,zip,zip,zip,zip,zip,zip,zip,zip,zip,zip,zip,zip,zip,zip,zip,mat,,,
ContainerType,analysis,analysis,analysis,analysis,analysis,analysis,analysis,analysis,analysis,analysis,analysis,analysis,analysis,analysis,analysis,analysis,analysis,analysis,analysis,analysis,project,config,,
ExactStringMatch,0,0,,,,,,,,,,,,,,,,,,,0,,,Notes
,,,,,,,,,,,,,,,,,,,,,,,,
2346,2346/photoFlicker_1/ldogfunc/2346_photoFlicker_1_LplusS_RightEye_run01_preprocessedFunc.zip,2346/photoFlicker_1/ldogfunc/2346_photoFlicker_1_LplusS_RightEye_run07_preprocessedFunc.zip,2346/photoFlicker_1/ldogfunc/2346_photoFlicker_1_LplusS_RightEye_run13_preprocessedFunc.zip,,,,,,,,,,,,,,,,,,blockedStimulus_1x144_On=1.mat,'2346_photoFlicker_1_LplusS_RightEye',2346_photoFlicker_1_LplusS_RightEye,
2346,2346/photoFlicker_1/ldogfunc/2346_photoFlicker_1_LminusS_RightEye_run02_preprocessedFunc.zip,2346/photoFlicker_1/ldogfunc/2346_photoFlicker_1_LminusS_RightEye_run08_preprocessedFunc.zip,2346/photoFlicker_1/ldogfunc/2346_photoFlicker_1_LminusS_RightEye_run14_preprocessedFunc.zip,,,,,,,,,,,,,,,,,,blockedStimulus_1x144_On=1.mat,'2346_photoFlicker_1_LminusS_RightEye',2346_photoFlicker_1_LminusS_RightEye,
2346,2346/photoFlicker_1/ldogfunc/2346_photoFlicker_1_LightFlux_RightEye_run03_preprocessedFunc.zip,2346/photoFlicker_1/ldogfunc/2346_photoFlicker_1_LightFlux_RightEye_run09_preprocessedFunc.zip,2346/photoFlicker_1/ldogfunc/2346_photoFlicker_1_LightFlux_RightEye_run15_preprocessedFunc.zip,,,,,,,,,,,,,,,,,,blockedStimulus_1x144_On=1.mat,'2346_photoFlicker_1_LightFlux_RightEye',2346_photoFlicker_1_LightFlux_RightEye,
2346,2346/photoFlicker_1/ldogfunc/2346_photoFlicker_1_LplusS_LeftEye_run04_preprocessedFunc.zip,2346/photoFlicker_1/ldogfunc/2346_photoFlicker_1_LplusS_LeftEye_run10_preprocessedFunc.zip,2346/photoFlicker_1/ldogfunc/2346_photoFlicker_1_LplusS_LeftEye_run16_preprocessedFunc.zip,,,,,,,,,,,,,,,,,,blockedStimulus_1x144_On=1.mat,'2346_photoFlicker_1_LplusS_LeftEye',2346_photoFlicker_1_LplusS_LeftEye,
2346,2346/photoFlicker_1/ldogfunc/2346_photoFlicker_1_LminusS_LeftEye_run05_preprocessedFunc.zip,2346/photoFlicker_1/ldogfunc/2346_photoFlicker_1_LminusS_LeftEye_run11_preprocessedFunc.zip,2346/photoFlicker_1/ldogfunc/2346_photoFlicker_1_LminusS_LeftEye_run17_preprocessedFunc.zip,,,,,,,,,,,,,,,,,,blockedStimulus_1x144_On=1.mat,'2346_photoFlicker_1_LminusS_LeftEye',2346_photoFlicker_1_LminusS_LeftEye,
2346,2346/photoFlicker_1/ldogfunc/2346_photoFlicker_1_LightFlux_LeftEye_run06_preprocessedFunc.zip,2346/photoFlicker_1/ldogfunc/2346_photoFlicker_1_LightFlux_LeftEye_run12_preprocessedFunc.zip,2346/photoFlicker_1/ldogfunc/2346_photoFlicker_1_LightFlux_LeftEye_run18_preprocessedFunc.zip,,,,,,,,,,,,,,,,,,blockedStimulus_1x144_On=1.mat,'2346_photoFlicker_1_LightFlux_LeftEye',2346_photoFlicker_1_LightFlux_LeftEye,
,,,,,,,,,,,,,,,,,,,,,,,,
,,,,,,,,,,,,,,,,,,,,,,,,
N347,N347/photoFlicker_1/ldogfunc/N347_photoFlicker_1_LplusS_RightEye_run01_preprocessedFunc.zip,N347/photoFlicker_1/ldogfunc/N347_photoFlicker_1_LplusS_RightEye_run07_preprocessedFunc.zip,N347/photoFlicker_1/ldogfunc/N347_photoFlicker_1_LplusS_RightEye_run13_preprocessedFunc.zip,,,,,,,,,,,,,,,,,,blockedStimulus_1x144_On=1.mat,'N347_photoFlicker_1_LplusS_RightEye',N347_photoFlicker_1_LplusS_RightEye,
N347,N347/photoFlicker_1/ldogfunc/N347_photoFlicker_1_LminusS_RightEye_run02_preprocessedFunc.zip,N347/photoFlicker_1/ldogfunc/N347_photoFlicker_1_LminusS_RightEye_run08_preprocessedFunc.zip,N347/photoFlicker_1/ldogfunc/N347_photoFlicker_1_LminusS_RightEye_run14_preprocessedFunc.zip,,,,,,,,,,,,,,,,,,blockedStimulus_1x144_On=1.mat,'N347_photoFlicker_1_LminusS_RightEye',N347_photoFlicker_1_LminusS_RightEye,
N347,N347/photoFlicker_1/ldogfunc/N347_photoFlicker_1_LightFlux_RightEye_run03_preprocessedFunc.zip,N347/photoFlicker_1/ldogfunc/N347_photoFlicker_1_LightFlux_RightEye_run09_preprocessedFunc.zip,N347/photoFlicker_1/ldogfunc/N347_photoFlicker_1_LightFlux_RightEye_run15_preprocessedFunc.zip,,,,,,,,,,,,,,,,,,blockedStimulus_1x144_On=1.mat,'N347_photoFlicker_1_LightFlux_RightEye',N347_photoFlicker_1_LightFlux_RightEye,
N347,N347/photoFlicker_1/ldogfunc/N347_photoFlicker_1_LplusS_LeftEye_run04_preprocessedFunc.zip,N347/photoFlicker_1/ldogfunc/N347_photoFlicker_1_LplusS_LeftEye_run10_preprocessedFunc.zip,N347/photoFlicker_1/ldogfunc/N347_photoFlicker_1_LplusS_LeftEye_run16_preprocessedFunc.zip,,,,,,,,,,,,,,,,,,blockedStimulus_1x144_On=1.mat,'N347_photoFlicker_1_LplusS_LeftEye',N347_photoFlicker_1_LplusS_LeftEye,
N347,N347/photoFlicker_1/ldogfunc/N347_photoFlicker_1_LminusS_LeftEye_run05_preprocessedFunc.zip,N347/photoFlicker_1/ldogfunc/N347_photoFlicker_1_LminusS_LeftEye_run11_preprocessedFunc.zip,N347/photoFlicker_1/ldogfunc/N347_photoFlicker_1_LminusS_LeftEye_run17_preprocessedFunc.zip,,,,,,,,,,,,,,,,,,blockedStimulus_1x144_On=1.mat,'N347_photoFlicker_1_LminusS_LeftEye',N347_photoFlicker_1_LminusS_LeftEye,
N347,N347/photoFlicker_1/ldogfunc/N347_photoFlicker_1_LightFlux_LeftEye_run06_preprocessedFunc.zip,N347/photoFlicker_1/ldogfunc/N347_photoFlicker_1_LightFlux_LeftEye_run12_preprocessedFunc.zip,N347/photoFlicker_1/ldogfunc/N347_photoFlicker_1_LightFlux_LeftEye_run18_preprocessedFunc.zip,,,,,,,,,,,,,,,,,,blockedStimulus_1x144_On=1.mat,'N347_photoFlicker_1_LightFlux_LeftEye',N347_photoFlicker_1_LightFlux_LeftEye,
,,,,,,,,,,,,,,,,,,,,,,,,
,,,,,,,,,,,,,,,,,,,,,,,,
N347,N347/photoFlicker_1/ldogfunc/N347_photoFlicker_1_LplusS_RightEye_run01_preprocessedFunc.zip,N347/photoFlicker_1/ldogfunc/N347_photoFlicker_1_LplusS_RightEye_run07_preprocessedFunc.zip,N347/photoFlicker_1/ldogfunc/N347_photoFlicker_1_LplusS_RightEye_run13_preprocessedFunc.zip,,,,,,,,,,,,,,,,,,blockedStimulus_1x144_On=1.mat,'N347_photoFlicker_1_LplusS_RightEye',N347_photoFlicker_1_LplusS_RightEye,
N347,N347/photoFlicker_1/ldogfunc/N347_photoFlicker_1_LminusS_RightEye_run02_preprocessedFunc.zip,N347/photoFlicker_1/ldogfunc/N347_photoFlicker_1_LminusS_RightEye_run08_preprocessedFunc.zip,N347/photoFlicker_1/ldogfunc/N347_photoFlicker_1_LminusS_RightEye_run14_preprocessedFunc.zip,,,,,,,,,,,,,,,,,,blockedStimulus_1x144_On=1.mat,'N347_photoFlicker_1_LminusS_RightEye',N347_photoFlicker_1_LminusS_RightEye,
N347,N347/photoFlicker_1/ldogfunc/N347_photoFlicker_1_LightFlux_RightEye_run03_preprocessedFunc.zip,N347/photoFlicker_1/ldogfunc/N347_photoFlicker_1_LightFlux_RightEye_run09_preprocessedFunc.zip,N347/photoFlicker_1/ldogfunc/N347_photoFlicker_1_LightFlux_RightEye_run15_preprocessedFunc.zip,,,,,,,,,,,,,,,,,,blockedStimulus_1x144_On=1.mat,'N347_photoFlicker_1_LightFlux_RightEye',N347_photoFlicker_1_LightFlux_RightEye,
N347,N347/photoFlicker_1/ldogfunc/N347_photoFlicker_1_LplusS_LeftEye_run04_preprocessedFunc.zip,N347/photoFlicker_1/ldogfunc/N347_photoFlicker_1_LplusS_LeftEye_run10_preprocessedFunc.zip,N347/photoFlicker_1/ldogfunc/N347_photoFlicker_1_LplusS_LeftEye_run16_preprocessedFunc.zip,,,,,,,,,,,,,,,,,,blockedStimulus_1x144_On=1.mat,'N347_photoFlicker_1_LplusS_LeftEye',N347_photoFlicker_1_LplusS_LeftEye,
N347,N347/photoFlicker_1/ldogfunc/N347_photoFlicker_1_LminusS_LeftEye_run05_preprocessedFunc.zip,N347/photoFlicker_1/ldogfunc/N347_photoFlicker_1_LminusS_LeftEye_run11_preprocessedFunc.zip,N347/photoFlicker_1/ldogfunc/N347_photoFlicker_1_LminusS_LeftEye_run17_preprocessedFunc.zip,,,,,,,,,,,,,,,,,,blockedStimulus_1x144_On=1.mat,'N347_photoFlicker_1_LminusS_LeftEye',N347_photoFlicker_1_LminusS_LeftEye,
N347,N347/photoFlicker_1/ldogfunc/N347_photoFlicker_1_LightFlux_LeftEye_run06_preprocessedFunc.zip,N347/photoFlicker_1/ldogfunc/N347_photoFlicker_1_LightFlux_LeftEye_run12_preprocessedFunc.zip,N347/photoFlicker_1/ldogfunc/N347_photoFlicker_1_LightFlux_LeftEye_run18_preprocessedFunc.zip,,,,,,,,,,,,,,,,,,blockedStimulus_1x144_On=1.mat,'N347_photoFlicker_1_LightFlux_LeftEye',N347_photoFlicker_1_LightFlux_LeftEye,
,,,,,,,,,,,,,,,,,,,,,,,,
N349,N349/photoFlicker_1/ldogfunc/N349_photoFlicker_1_LplusS_RightEye_run01_preprocessedFunc.zip,N349/photoFlicker_1/ldogfunc/N349_photoFlicker_1_LplusS_RightEye_run07_preprocessedFunc.zip,N349/photoFlicker_1/ldogfunc/N349_photoFlicker_1_LplusS_RightEye_run13_preprocessedFunc.zip,,,,,,,,,,,,,,,,,,blockedStimulus_1x144_On=1.mat,'N349_photoFlicker_1_LplusS_RightEye',N349_photoFlicker_1_LplusS_RightEye,
N349,N349/photoFlicker_1/ldogfunc/N349_photoFlicker_1_LminusS_RightEye_run02_preprocessedFunc.zip,N349/photoFlicker_1/ldogfunc/N349_photoFlicker_1_LminusS_RightEye_run08_preprocessedFunc.zip,N349/photoFlicker_1/ldogfunc/N349_photoFlicker_1_LminusS_RightEye_run14_preprocessedFunc.zip,,,,,,,,,,,,,,,,,,blockedStimulus_1x144_On=1.mat,'N349_photoFlicker_1_LminusS_RightEye',N349_photoFlicker_1_LminusS_RightEye,
N349,N349/photoFlicker_1/ldogfunc/N349_photoFlicker_1_LightFlux_RightEye_run03_preprocessedFunc.zip,N349/photoFlicker_1/ldogfunc/N349_photoFlicker_1_LightFlux_RightEye_run09_preprocessedFunc.zip,N349/photoFlicker_1/ldogfunc/N349_photoFlicker_1_LightFlux_RightEye_run15_preprocessedFunc.zip,,,,,,,,,,,,,,,,,,blockedStimulus_1x144_On=1.mat,'N349_photoFlicker_1_LightFlux_RightEye',N349_photoFlicker_1_LightFlux_RightEye,
N349,N349/photoFlicker_1/ldogfunc/N349_photoFlicker_1_LplusS_LeftEye_run04_preprocessedFunc.zip,N349/photoFlicker_1/ldogfunc/N349_photoFlicker_1_LplusS_LeftEye_run10_preprocessedFunc.zip,N349/photoFlicker_1/ldogfunc/N349_photoFlicker_1_LplusS_LeftEye_run16_preprocessedFunc.zip,,,,,,,,,,,,,,,,,,blockedStimulus_1x144_On=1.mat,'N349_photoFlicker_1_LplusS_LeftEye',N349_photoFlicker_1_LplusS_LeftEye,
N349,N349/photoFlicker_1/ldogfunc/N349_photoFlicker_1_LminusS_LeftEye_run05_preprocessedFunc.zip,N349/photoFlicker_1/ldogfunc/N349_photoFlicker_1_LminusS_LeftEye_run11_preprocessedFunc.zip,N349/photoFlicker_1/ldogfunc/N349_photoFlicker_1_LminusS_LeftEye_run17_preprocessedFunc.zip,,,,,,,,,,,,,,,,,,blockedStimulus_1x144_On=1.mat,'N349_photoFlicker_1_LminusS_LeftEye',N349_photoFlicker_1_LminusS_LeftEye,
N349,N349/photoFlicker_1/ldogfunc/N349_photoFlicker_1_LightFlux_LeftEye_run06_preprocessedFunc.zip,N349/photoFlicker_1/ldogfunc/N349_photoFlicker_1_LightFlux_LeftEye_run12_preprocessedFunc.zip,N349/photoFlicker_1/ldogfunc/N349_photoFlicker_1_LightFlux_LeftEye_run18_preprocessedFunc.zip,,,,,,,,,,,,,,,,,,blockedStimulus_1x144_On=1.mat,'N349_photoFlicker_1_LightFlux_LeftEye',N349_photoFlicker_1_LightFlux_LeftEye,
,,,,,,,,,,,,,,,,,,,,,,,,
EM404,EM404/maxFlicker/ldogfunc/EM404_MaxFlicker_LeftEye_run04_preprocessedFunc.zip,EM404/maxFlicker/ldogfunc/EM404_MaxFlicker_LeftEye_run05_preprocessedFunc.zip,EM404/maxFlicker/ldogfunc/EM404_MaxFlicker_LeftEye_run06_preprocessedFunc.zip,EM404/maxFlicker/ldogfunc/EM404_MaxFlicker_LeftEye_run10_preprocessedFunc.zip,EM404/maxFlicker/ldogfunc/EM404_MaxFlicker_LeftEye_run11_preprocessedFunc.zip,EM404/maxFlicker/ldogfunc/EM404_MaxFlicker_LeftEye_run12_preprocessedFunc.zip,EM404/maxFlicker/ldogfunc/EM404_MaxFlicker_LeftEye_run16_preprocessedFunc.zip,EM404/maxFlicker/ldogfunc/EM404_MaxFlicker_LeftEye_run17_preprocessedFunc.zip,EM404/maxFlicker/ldogfunc/EM404_MaxFlicker_LeftEye_run18_preprocessedFunc.zip,,,,,,,,,,,,lightFluxFlicker_1x112_On=1.mat,'EM404_maxFlicker_LeftEye',EM404_maxFlicker_LeftEye,
EM404,EM404/maxFlicker/ldogfunc/EM404_MaxFlicker_RightEye_run01_preprocessedFunc.zip,EM404/maxFlicker/ldogfunc/EM404_MaxFlicker_RightEye_run02_preprocessedFunc.zip,EM404/maxFlicker/ldogfunc/EM404_MaxFlicker_RightEye_run03_preprocessedFunc.zip,EM404/maxFlicker/ldogfunc/EM404_MaxFlicker_RightEye_run07_preprocessedFunc.zip,EM404/maxFlicker/ldogfunc/EM404_MaxFlicker_RightEye_run08_preprocessedFunc.zip,EM404/maxFlicker/ldogfunc/EM404_MaxFlicker_RightEye_run09_preprocessedFunc.zip,EM404/maxFlicker/ldogfunc/EM404_MaxFlicker_RightEye_run13_preprocessedFunc.zip,EM404/maxFlicker/ldogfunc/EM404_MaxFlicker_RightEye_run14_preprocessedFunc.zip,EM404/maxFlicker/ldogfunc/EM404_MaxFlicker_RightEye_run15_preprocessedFunc.zip,,,,,,,,,,,,lightFluxFlicker_1x112_On=1.mat,'EM404_maxFlicker_RightEye',EM404_maxFlicker_RightEye,
,,,,,,,,,,,,,,,,,,,,,,,,
EM533,EM533/maxFlicker/ldogfunc/EM533_MaxFlicker_LeftEye_run04_preprocessedFunc.zip,EM533/maxFlicker/ldogfunc/EM533_MaxFlicker_LeftEye_run05_preprocessedFunc.zip,EM533/maxFlicker/ldogfunc/EM533_MaxFlicker_LeftEye_run06_preprocessedFunc.zip,EM533/maxFlicker/ldogfunc/EM533_MaxFlicker_LeftEye_run10_preprocessedFunc.zip,EM533/maxFlicker/ldogfunc/EM533_MaxFlicker_LeftEye_run11_preprocessedFunc.zip,EM533/maxFlicker/ldogfunc/EM533_MaxFlicker_LeftEye_run12_preprocessedFunc.zip,EM533/maxFlicker/ldogfunc/EM533_MaxFlicker_LeftEye_run16_preprocessedFunc.zip,EM533/maxFlicker/ldogfunc/EM533_MaxFlicker_LeftEye_run17_preprocessedFunc.zip,EM533/maxFlicker/ldogfunc/EM533_MaxFlicker_LeftEye_run18_preprocessedFunc.zip,,,,,,,,,,,,lightFluxFlicker_1x112_On=1.mat,'EM533_maxFlicker_LeftEye',EM533_maxFlicker_LeftEye,
EM533,EM533/maxFlicker/ldogfunc/EM533_MaxFlicker_RightEye_run01_preprocessedFunc.zip,EM533/maxFlicker/ldogfunc/EM533_MaxFlicker_RightEye_run02_preprocessedFunc.zip,EM533/maxFlicker/ldogfunc/EM533_MaxFlicker_RightEye_run03_preprocessedFunc.zip,EM533/maxFlicker/ldogfunc/EM533_MaxFlicker_RightEye_run07_preprocessedFunc.zip,EM533/maxFlicker/ldogfunc/EM533_MaxFlicker_RightEye_run08_preprocessedFunc.zip,EM533/maxFlicker/ldogfunc/EM533_MaxFlicker_RightEye_run09_preprocessedFunc.zip,EM533/maxFlicker/ldogfunc/EM533_MaxFlicker_RightEye_run13_preprocessedFunc.zip,EM533/maxFlicker/ldogfunc/EM533_MaxFlicker_RightEye_run14_preprocessedFunc.zip,EM533/maxFlicker/ldogfunc/EM533_MaxFlicker_RightEye_run15_preprocessedFunc.zip,,,,,,,,,,,,lightFluxFlicker_1x112_On=1.mat,'EM533_maxFlicker_RightEye',EM533_maxFlicker_RightEye,
,,,,,,,,,,,,,,,,,,,,,,,,
EM532,EM532/maxFlicker/ldogfunc/EM532_MaxFlicker_LeftEye_run04_preprocessedFunc.zip,EM532/maxFlicker/ldogfunc/EM532_MaxFlicker_LeftEye_run05_preprocessedFunc.zip,EM532/maxFlicker/ldogfunc/EM532_MaxFlicker_LeftEye_run06_preprocessedFunc.zip,EM532/maxFlicker/ldogfunc/EM532_MaxFlicker_LeftEye_run10_preprocessedFunc.zip,EM532/maxFlicker/ldogfunc/EM532_MaxFlicker_LeftEye_run11_preprocessedFunc.zip,EM532/maxFlicker/ldogfunc/EM532_MaxFlicker_LeftEye_run12_preprocessedFunc.zip,EM532/maxFlicker/ldogfunc/EM532_MaxFlicker_LeftEye_run16_preprocessedFunc.zip,EM532/maxFlicker/ldogfunc/EM532_MaxFlicker_LeftEye_run17_preprocessedFunc.zip,EM532/maxFlicker/ldogfunc/EM532_MaxFlicker_LeftEye_run18_preprocessedFunc.zip,,,,,,,,,,,,lightFluxFlicker_1x112_On=1.mat,'EM532_maxFlicker_LeftEye',EM532_maxFlicker_LeftEye,
EM532,EM532/maxFlicker/ldogfunc/EM532_MaxFlicker_RightEye_run01_preprocessedFunc.zip,EM532/maxFlicker/ldogfunc/EM532_MaxFlicker_RightEye_run02_preprocessedFunc.zip,EM532/maxFlicker/ldogfunc/EM532_MaxFlicker_RightEye_run03_preprocessedFunc.zip,EM532/maxFlicker/ldogfunc/EM532_MaxFlicker_RightEye_run07_preprocessedFunc.zip,EM532/maxFlicker/ldogfunc/EM532_MaxFlicker_RightEye_run08_preprocessedFunc.zip,EM532/maxFlicker/ldogfunc/EM532_MaxFlicker_RightEye_run09_preprocessedFunc.zip,EM532/maxFlicker/ldogfunc/EM532_MaxFlicker_RightEye_run13_preprocessedFunc.zip,EM532/maxFlicker/ldogfunc/EM532_MaxFlicker_RightEye_run14_preprocessedFunc.zip,EM532/maxFlicker/ldogfunc/EM532_MaxFlicker_RightEye_run15_preprocessedFunc.zip,,,,,,,,,,,,lightFluxFlicker_1x112_On=1.mat,'EM532_maxFlicker_RightEye',EM532_maxFlicker_RightEye,
,,,,,,,,,,,,,,,,,,,,,,,,
EM543,EM543/photoFlicker_3/ldogfunc/EM543_photoFlicker_3_LplusS_RightEye_run01_preprocessedFunc.zip,EM543/photoFlicker_3/ldogfunc/EM543_photoFlicker_3_LplusS_RightEye_run07_preprocessedFunc.zip,EM543/photoFlicker_3/ldogfunc/EM543_photoFlicker_3_LplusS_RightEye_run13_preprocessedFunc.zip,,,,,,,,,,,,,,,,,,blockedStimulus_1x144_On=1.mat,'EM543_photoFlicker_3_LplusS_RightEye',EM543_photoFlicker_3_LplusS_RightEye,
EM543,EM543/photoFlicker_3/ldogfunc/EM543_photoFlicker_3_LminusS_RightEye_run02_preprocessedFunc.zip,EM543/photoFlicker_3/ldogfunc/EM543_photoFlicker_3_LminusS_RightEye_run08_preprocessedFunc.zip,EM543/photoFlicker_3/ldogfunc/EM543_photoFlicker_3_LminusS_RightEye_run14_preprocessedFunc.zip,,,,,,,,,,,,,,,,,,blockedStimulus_1x144_On=1.mat,'EM543_photoFlicker_3_LminusS_RightEye',EM543_photoFlicker_3_LminusS_RightEye,
EM543,EM543/photoFlicker_3/ldogfunc/EM543_photoFlicker_3_LightFlux_RightEye_run03_preprocessedFunc.zip,EM543/photoFlicker_3/ldogfunc/EM543_photoFlicker_3_LightFlux_RightEye_run09_preprocessedFunc.zip,EM543/photoFlicker_3/ldogfunc/EM543_photoFlicker_3_LightFlux_RightEye_run15_preprocessedFunc.zip,,,,,,,,,,,,,,,,,,blockedStimulus_1x144_On=1.mat,'EM543_photoFlicker_3_LightFlux_RightEye',EM543_photoFlicker_3_LightFlux_RightEye,
EM543,EM543/photoFlicker_3/ldogfunc/EM543_photoFlicker_3_LplusS_LeftEye_run04_preprocessedFunc.zip,EM543/photoFlicker_3/ldogfunc/EM543_photoFlicker_3_LplusS_LeftEye_run10_preprocessedFunc.zip,EM543/photoFlicker_3/ldogfunc/EM543_photoFlicker_3_LplusS_LeftEye_run16_preprocessedFunc.zip,,,,,,,,,,,,,,,,,,blockedStimulus_1x144_On=1.mat,'EM543_photoFlicker_3_LplusS_LeftEye',EM543_photoFlicker_3_LplusS_LeftEye,
EM543,EM543/photoFlicker_3/ldogfunc/EM543_photoFlicker_3_LminusS_LeftEye_run05_preprocessedFunc.zip,EM543/photoFlicker_3/ldogfunc/EM543_photoFlicker_3_LminusS_LeftEye_run11_preprocessedFunc.zip,EM543/photoFlicker_3/ldogfunc/EM543_photoFlicker_3_LminusS_LeftEye_run17_preprocessedFunc.zip,,,,,,,,,,,,,,,,,,blockedStimulus_1x144_On=1.mat,'EM543_photoFlicker_3_LminusS_LeftEye',EM543_photoFlicker_3_LminusS_LeftEye,
EM543,EM543/photoFlicker_3/ldogfunc/EM543_photoFlicker_3_LightFlux_LeftEye_run06_preprocessedFunc.zip,EM543/photoFlicker_3/ldogfunc/EM543_photoFlicker_3_LightFlux_LeftEye_run12_preprocessedFunc.zip,EM543/photoFlicker_3/ldogfunc/EM543_photoFlicker_3_LightFlux_LeftEye_run18_preprocessedFunc.zip,,,,,,,,,,,,,,,,,,blockedStimulus_1x144_On=1.mat,'EM543_photoFlicker_3_LightFlux_LeftEye',EM543_photoFlicker_3_LightFlux_LeftEye,
,,,,,,,,,,,,,,,,,,,,,,,,
EM529,EM529/photoFlicker_3/ldogfunc/EM529_photoFlicker_3_LplusS_RightEye_run01_preprocessedFunc.zip,EM529/photoFlicker_3/ldogfunc/EM529_photoFlicker_3_LplusS_RightEye_run07_preprocessedFunc.zip,EM529/photoFlicker_3/ldogfunc/EM529_photoFlicker_3_LplusS_RightEye_run13_preprocessedFunc.zip,,,,,,,,,,,,,,,,,,blockedStimulus_1x144_On=1.mat,'EM529_photoFlicker_3_LplusS_RightEye',EM529_photoFlicker_3_LplusS_RightEye,
EM529,EM529/photoFlicker_3/ldogfunc/EM529_photoFlicker_3_LminusS_RightEye_run02_preprocessedFunc.zip,EM529/photoFlicker_3/ldogfunc/EM529_photoFlicker_3_LminusS_RightEye_run08_preprocessedFunc.zip,EM529/photoFlicker_3/ldogfunc/EM529_photoFlicker_3_LminusS_RightEye_run14_preprocessedFunc.zip,,,,,,,,,,,,,,,,,,blockedStimulus_1x144_On=1.mat,'EM529_photoFlicker_3_LminusS_RightEye',EM529_photoFlicker_3_LminusS_RightEye,
EM529,EM529/photoFlicker_3/ldogfunc/EM529_photoFlicker_3_LightFlux_RightEye_run03_preprocessedFunc.zip,EM529/photoFlicker_3/ldogfunc/EM529_photoFlicker_3_LightFlux_RightEye_run09_preprocessedFunc.zip,EM529/photoFlicker_3/ldogfunc/EM529_photoFlicker_3_LightFlux_RightEye_run15_preprocessedFunc.zip,,,,,,,,,,,,,,,,,,blockedStimulus_1x144_On=1.mat,'EM529_photoFlicker_3_LightFlux_RightEye',EM529_photoFlicker_3_LightFlux_RightEye,
EM529,EM529/photoFlicker_3/ldogfunc/EM529_photoFlicker_3_LplusS_LeftEye_run04_preprocessedFunc.zip,EM529/photoFlicker_3/ldogfunc/EM529_photoFlicker_3_LplusS_LeftEye_run10_preprocessedFunc.zip,EM529/photoFlicker_3/ldogfunc/EM529_photoFlicker_3_LplusS_LeftEye_run16_preprocessedFunc.zip,,,,,,,,,,,,,,,,,,blockedStimulus_1x144_On=1.mat,'EM529_photoFlicker_3_LplusS_LeftEye',EM529_photoFlicker_3_LplusS_LeftEye,
EM529,EM529/photoFlicker_3/ldogfunc/EM529_photoFlicker_3_LminusS_LeftEye_run05_preprocessedFunc.zip,EM529/photoFlicker_3/ldogfunc/EM529_photoFlicker_3_LminusS_LeftEye_run11_preprocessedFunc.zip,EM529/photoFlicker_3/ldogfunc/EM529_photoFlicker_3_LminusS_LeftEye_run11_preprocessedFunc.zip,,,,,,,,,,,,,,,,,,blockedStimulus_1x144_On=1.mat,'EM529_photoFlicker_3_LminusS_LeftEye',EM529_photoFlicker_3_LminusS_LeftEye,"Missing one acquisition, so entered this func TWICE"
EM529,EM529/photoFlicker_3/ldogfunc/EM529_photoFlicker_3_LightFlux_LeftEye_run06_preprocessedFunc.zip,EM529/photoFlicker_3/ldogfunc/EM529_photoFlicker_3_LightFlux_LeftEye_run12_preprocessedFunc.zip,EM529/photoFlicker_3/ldogfunc/EM529_photoFlicker_3_LightFlux_LeftEye_run12_preprocessedFunc.zip,,,,,,,,,,,,,,,,,,blockedStimulus_1x144_On=1.mat,'EM529_photoFlicker_3_LightFlux_LeftEye',EM529_photoFlicker_3_LightFlux_LeftEye,"Missing one acquisition, so entered this func TWICE"
,,,,,,,,,,,,,,,,,,,,,,,,
EM499,EM499/maxFlicker/ldogfunc/EM499_MaxFlicker_LeftEye_run04_preprocessedFunc.zip,EM499/maxFlicker/ldogfunc/EM499_MaxFlicker_LeftEye_run05_preprocessedFunc.zip,EM499/maxFlicker/ldogfunc/EM499_MaxFlicker_LeftEye_run06_preprocessedFunc.zip,EM499/maxFlicker/ldogfunc/EM499_MaxFlicker_LeftEye_run10_preprocessedFunc.zip,EM499/maxFlicker/ldogfunc/EM499_MaxFlicker_LeftEye_run11_preprocessedFunc.zip,EM499/maxFlicker/ldogfunc/EM499_MaxFlicker_LeftEye_run12_preprocessedFunc.zip,EM499/maxFlicker/ldogfunc/EM499_MaxFlicker_LeftEye_run16_preprocessedFunc.zip,EM499/maxFlicker/ldogfunc/EM499_MaxFlicker_LeftEye_run17_preprocessedFunc.zip,EM499/maxFlicker/ldogfunc/EM499_MaxFlicker_LeftEye_run18_preprocessedFunc.zip,,,,,,,,,,,,lightFluxFlicker_1x112_On=1.mat,'EM499_maxFlicker_LeftEye',EM499_maxFlicker_LeftEye,
EM499,EM499/maxFlicker/ldogfunc/EM499_MaxFlicker_RightEye_run01_preprocessedFunc.zip,EM499/maxFlicker/ldogfunc/EM499_MaxFlicker_RightEye_run02_preprocessedFunc.zip,EM499/maxFlicker/ldogfunc/EM499_MaxFlicker_RightEye_run03_preprocessedFunc.zip,EM499/maxFlicker/ldogfunc/EM499_MaxFlicker_RightEye_run07_preprocessedFunc.zip,EM499/maxFlicker/ldogfunc/EM499_MaxFlicker_RightEye_run08_preprocessedFunc.zip,EM499/maxFlicker/ldogfunc/EM499_MaxFlicker_RightEye_run09_preprocessedFunc.zip,EM499/maxFlicker/ldogfunc/EM499_MaxFlicker_RightEye_run13_preprocessedFunc.zip,EM499/maxFlicker/ldogfunc/EM499_MaxFlicker_RightEye_run14_preprocessedFunc.zip,EM499/maxFlicker/ldogfunc/EM499_MaxFlicker_RightEye_run15_preprocessedFunc.zip,,,,,,,,,,,,lightFluxFlicker_1x112_On=1.mat,'EM499_maxFlicker_RightEye',EM499_maxFlicker_RightEye,
,,,,,,,,,,,,,,,,,,,,,,,,
EM501,EM501/maxFlicker/ldogfunc/EM501_MaxFlicker_LeftEye_run04_preprocessedFunc.zip,EM501/maxFlicker/ldogfunc/EM501_MaxFlicker_LeftEye_run05_preprocessedFunc.zip,EM501/maxFlicker/ldogfunc/EM501_MaxFlicker_LeftEye_run06_preprocessedFunc.zip,EM501/maxFlicker/ldogfunc/EM501_MaxFlicker_LeftEye_run10_preprocessedFunc.zip,EM501/maxFlicker/ldogfunc/EM501_MaxFlicker_LeftEye_run11_preprocessedFunc.zip,EM501/maxFlicker/ldogfunc/EM501_MaxFlicker_LeftEye_run12_preprocessedFunc.zip,EM501/maxFlicker/ldogfunc/EM501_MaxFlicker_LeftEye_run16_preprocessedFunc.zip,EM501/maxFlicker/ldogfunc/EM501_MaxFlicker_LeftEye_run17_preprocessedFunc.zip,EM501/maxFlicker/ldogfunc/EM501_MaxFlicker_LeftEye_run18_preprocessedFunc.zip,,,,,,,,,,,,lightFluxFlicker_1x112_On=1.mat,'EM501_maxFlicker_LeftEye',EM501_maxFlicker_LeftEye,
EM501,EM501/maxFlicker/ldogfunc/EM501_MaxFlicker_RightEye_run01_preprocessedFunc.zip,EM501/maxFlicker/ldogfunc/EM501_MaxFlicker_RightEye_run02_preprocessedFunc.zip,EM501/maxFlicker/ldogfunc/EM501_MaxFlicker_RightEye_run03_preprocessedFunc.zip,EM501/maxFlicker/ldogfunc/EM501_MaxFlicker_RightEye_run07_preprocessedFunc.zip,EM501/maxFlicker/ldogfunc/EM501_MaxFlicker_RightEye_run08_preprocessedFunc.zip,EM501/maxFlicker/ldogfunc/EM501_MaxFlicker_RightEye_run09_preprocessedFunc.zip,EM501/maxFlicker/ldogfunc/EM501_MaxFlicker_RightEye_run13_preprocessedFunc.zip,EM501/maxFlicker/ldogfunc/EM501_MaxFlicker_RightEye_run14_preprocessedFunc.zip,EM501/maxFlicker/ldogfunc/EM501_MaxFlicker_RightEye_run15_preprocessedFunc.zip,,,,,,,,,,,,lightFluxFlicker_1x112_On=1.mat,'EM501_maxFlicker_RightEye',EM501_maxFlicker_RightEye,
,,,,,,,,,,,,,,,,,,,,,,,,
EM543,EM543/photoFlicker_2/ldogfunc/EM543_photoFlicker_2_LplusS_RightEye_run01_preprocessedFunc.zip,EM543/photoFlicker_2/ldogfunc/EM543_photoFlicker_2_LplusS_RightEye_run07_preprocessedFunc.zip,EM543/photoFlicker_2/ldogfunc/EM543_photoFlicker_2_LplusS_RightEye_run13_preprocessedFunc.zip,,,,,,,,,,,,,,,,,,blockedStimulus_1x144_On=1.mat,'EM543_photoFlicker_2_LplusS_RightEye',EM543_photoFlicker_2_LplusS_RightEye,
EM543,EM543/photoFlicker_2/ldogfunc/EM543_photoFlicker_2_LminusS_RightEye_run02_preprocessedFunc.zip,EM543/photoFlicker_2/ldogfunc/EM543_photoFlicker_2_LminusS_RightEye_run08_preprocessedFunc.zip,EM543/photoFlicker_2/ldogfunc/EM543_photoFlicker_2_LminusS_RightEye_run14_preprocessedFunc.zip,,,,,,,,,,,,,,,,,,blockedStimulus_1x144_On=1.mat,'EM543_photoFlicker_2_LminusS_RightEye',EM543_photoFlicker_2_LminusS_RightEye,
EM543,EM543/photoFlicker_2/ldogfunc/EM543_photoFlicker_2_LightFlux_RightEye_run03_preprocessedFunc.zip,EM543/photoFlicker_2/ldogfunc/EM543_photoFlicker_2_LightFlux_RightEye_run09_preprocessedFunc.zip,EM543/photoFlicker_2/ldogfunc/EM543_photoFlicker_2_LightFlux_RightEye_run15_preprocessedFunc.zip,,,,,,,,,,,,,,,,,,blockedStimulus_1x144_On=1.mat,'EM543_photoFlicker_2_LightFlux_RightEye',EM543_photoFlicker_2_LightFlux_RightEye,
EM543,EM543/photoFlicker_2/ldogfunc/EM543_photoFlicker_2_LplusS_LeftEye_run04_preprocessedFunc.zip,EM543/photoFlicker_2/ldogfunc/EM543_photoFlicker_2_LplusS_LeftEye_run10_preprocessedFunc.zip,EM543/photoFlicker_2/ldogfunc/EM543_photoFlicker_2_LplusS_LeftEye_run16_preprocessedFunc.zip,,,,,,,,,,,,,,,,,,blockedStimulus_1x144_On=1.mat,'EM543_photoFlicker_2_LplusS_LeftEye',EM543_photoFlicker_2_LplusS_LeftEye,
EM543,EM543/photoFlicker_2/ldogfunc/EM543_photoFlicker_2_LminusS_LeftEye_run05_preprocessedFunc.zip,EM543/photoFlicker_2/ldogfunc/EM543_photoFlicker_2_LminusS_LeftEye_run11_preprocessedFunc.zip,EM543/photoFlicker_2/ldogfunc/EM543_photoFlicker_2_LminusS_LeftEye_run17_preprocessedFunc.zip,,,,,,,,,,,,,,,,,,blockedStimulus_1x144_On=1.mat,'EM543_photoFlicker_2_LminusS_LeftEye',EM543_photoFlicker_2_LminusS_LeftEye,
EM543,EM543/photoFlicker_2/ldogfunc/EM543_photoFlicker_2_LightFlux_LeftEye_run06_preprocessedFunc.zip,EM543/photoFlicker_2/ldogfunc/EM543_photoFlicker_2_LightFlux_LeftEye_run12_preprocessedFunc.zip,EM543/photoFlicker_2/ldogfunc/EM543_photoFlicker_2_LightFlux_LeftEye_run18_preprocessedFunc.zip,,,,,,,,,,,,,,,,,,blockedStimulus_1x144_On=1.mat,'EM543_photoFlicker_2_LightFlux_LeftEye',EM543_photoFlicker_2_LightFlux_LeftEye,
,,,,,,,,,,,,,,,,,,,,,,,,
EM529,EM529/photoFlicker_2/ldogfunc/EM529_photoFlicker_2_LplusS_RightEye_run01_preprocessedFunc.zip,EM529/photoFlicker_2/ldogfunc/EM529_photoFlicker_2_LplusS_RightEye_run07_preprocessedFunc.zip,EM529/photoFlicker_2/ldogfunc/EM529_photoFlicker_2_LplusS_RightEye_run13_preprocessedFunc.zip,,,,,,,,,,,,,,,,,,blockedStimulus_1x144_On=1.mat,'EM529_photoFlicker_2_LplusS_RightEye',EM529_photoFlicker_2_LplusS_RightEye,
EM529,EM529/photoFlicker_2/ldogfunc/EM529_photoFlicker_2_LminusS_RightEye_run02_preprocessedFunc.zip,EM529/photoFlicker_2/ldogfunc/EM529_photoFlicker_2_LminusS_RightEye_run08_preprocessedFunc.zip,EM529/photoFlicker_2/ldogfunc/EM529_photoFlicker_2_LminusS_RightEye_run14_preprocessedFunc.zip,,,,,,,,,,,,,,,,,,blockedStimulus_1x144_On=1.mat,'EM529_photoFlicker_2_LminusS_RightEye',EM529_photoFlicker_2_LminusS_RightEye,
EM529,EM529/photoFlicker_2/ldogfunc/EM529_photoFlicker_2_LightFlux_RightEye_run03_preprocessedFunc.zip,EM529/photoFlicker_2/ldogfunc/EM529_photoFlicker_2_LightFlux_RightEye_run09_preprocessedFunc.zip,EM529/photoFlicker_2/ldogfunc/EM529_photoFlicker_2_LightFlux_RightEye_run15_preprocessedFunc.zip,,,,,,,,,,,,,,,,,,blockedStimulus_1x144_On=1.mat,'EM529_photoFlicker_2_LightFlux_RightEye',EM529_photoFlicker_2_LightFlux_RightEye,
EM529,EM529/photoFlicker_2/ldogfunc/EM529_photoFlicker_2_LplusS_LeftEye_run04_preprocessedFunc.zip,EM529/photoFlicker_2/ldogfunc/EM529_photoFlicker_2_LplusS_LeftEye_run10_preprocessedFunc.zip,EM529/photoFlicker_2/ldogfunc/EM529_photoFlicker_2_LplusS_LeftEye_run16_preprocessedFunc.zip,,,,,,,,,,,,,,,,,,blockedStimulus_1x144_On=1.mat,'EM529_photoFlicker_2_LplusS_LeftEye',EM529_photoFlicker_2_LplusS_LeftEye,
EM529,EM529/photoFlicker_2/ldogfunc/EM529_photoFlicker_2_LminusS_LeftEye_run05_preprocessedFunc.zip,EM529/photoFlicker_2/ldogfunc/EM529_photoFlicker_2_LminusS_LeftEye_run11_preprocessedFunc.zip,EM529/photoFlicker_2/ldogfunc/EM529_photoFlicker_2_LminusS_LeftEye_run17_preprocessedFunc.zip,,,,,,,,,,,,,,,,,,blockedStimulus_1x144_On=1.mat,'EM529_photoFlicker_2_LminusS_LeftEye',EM529_photoFlicker_2_LminusS_LeftEye,
EM529,EM529/photoFlicker_2/ldogfunc/EM529_photoFlicker_2_LightFlux_LeftEye_run06_preprocessedFunc.zip,EM529/photoFlicker_2/ldogfunc/EM529_photoFlicker_2_LightFlux_LeftEye_run12_preprocessedFunc.zip,EM529/photoFlicker_2/ldogfunc/EM529_photoFlicker_2_LightFlux_LeftEye_run18_preprocessedFunc.zip,,,,,,,,,,,,,,,,,,blockedStimulus_1x144_On=1.mat,'EM529_photoFlicker_2_LightFlux_LeftEye',EM529_photoFlicker_2_LightFlux_LeftEye,
,,,,,,,,,,,,,,,,,,,,,,,,
N344,N344/photoFlicker_2/ldogfunc/N344_photoFlicker_2_LplusS_RightEye_run01_preprocessedFunc.zip,N344/photoFlicker_2/ldogfunc/N344_photoFlicker_2_LplusS_RightEye_run07_preprocessedFunc.zip,N344/photoFlicker_2/ldogfunc/N344_photoFlicker_2_LplusS_RightEye_run13_preprocessedFunc.zip,,,,,,,,,,,,,,,,,,blockedStimulus_1x144_On=1.mat,'N344_photoFlicker_2_LplusS_RightEye',N344_photoFlicker_2_LplusS_RightEye,
N344,N344/photoFlicker_2/ldogfunc/N344_photoFlicker_2_LminusS_RightEye_run02_preprocessedFunc.zip,N344/photoFlicker_2/ldogfunc/N344_photoFlicker_2_LminusS_RightEye_run08_preprocessedFunc.zip,N344/photoFlicker_2/ldogfunc/N344_photoFlicker_2_LminusS_RightEye_run14_preprocessedFunc.zip,,,,,,,,,,,,,,,,,,blockedStimulus_1x144_On=1.mat,'N344_photoFlicker_2_LminusS_RightEye',N344_photoFlicker_2_LminusS_RightEye,
N344,N344/photoFlicker_2/ldogfunc/N344_photoFlicker_2_LightFlux_RightEye_run03_preprocessedFunc.zip,N344/photoFlicker_2/ldogfunc/N344_photoFlicker_2_LightFlux_RightEye_run09_preprocessedFunc.zip,N344/photoFlicker_2/ldogfunc/N344_photoFlicker_2_LightFlux_RightEye_run15_preprocessedFunc.zip,,,,,,,,,,,,,,,,,,blockedStimulus_1x144_On=1.mat,'N344_photoFlicker_2_LightFlux_RightEye',N344_photoFlicker_2_LightFlux_RightEye,
N344,N344/photoFlicker_2/ldogfunc/N344_photoFlicker_2_LplusS_LeftEye_run04_preprocessedFunc.zip,N344/photoFlicker_2/ldogfunc/N344_photoFlicker_2_LplusS_LeftEye_run10_preprocessedFunc.zip,N344/photoFlicker_2/ldogfunc/N344_photoFlicker_2_LplusS_LeftEye_run16_preprocessedFunc.zip,,,,,,,,,,,,,,,,,,blockedStimulus_1x144_On=1.mat,'N344_photoFlicker_2_LplusS_LeftEye',N344_photoFlicker_2_LplusS_LeftEye,
N344,N344/photoFlicker_2/ldogfunc/N344_photoFlicker_2_LminusS_LeftEye_run05_preprocessedFunc.zip,N344/photoFlicker_2/ldogfunc/N344_photoFlicker_2_LminusS_LeftEye_run11_preprocessedFunc.zip,N344/photoFlicker_2/ldogfunc/N344_photoFlicker_2_LminusS_LeftEye_run17_preprocessedFunc.zip,,,,,,,,,,,,,,,,,,blockedStimulus_1x144_On=1.mat,'N344_photoFlicker_2_LminusS_LeftEye',N344_photoFlicker_2_LminusS_LeftEye,
N344,N344/photoFlicker_2/ldogfunc/N344_photoFlicker_2_LightFlux_LeftEye_run06_preprocessedFunc.zip,N344/photoFlicker_2/ldogfunc/N344_photoFlicker_2_LightFlux_LeftEye_run12_preprocessedFunc.zip,N344/photoFlicker_2/ldogfunc/N344_photoFlicker_2_LightFlux_LeftEye_run18_preprocessedFunc.zip,,,,,,,,,,,,,,,,,,blockedStimulus_1x144_On=1.mat,'N344_photoFlicker_2_LightFlux_LeftEye',N344_photoFlicker_2_LightFlux_LeftEye,
,,,,,,,,,,,,,,,,,,,,,,,,
N344,N344/photoFlicker_1/ldogfunc/N344_photoFlicker_1_LplusS_RightEye_run01_preprocessedFunc.zip,N344/photoFlicker_1/ldogfunc/N344_photoFlicker_1_LplusS_RightEye_run07_preprocessedFunc.zip,N344/photoFlicker_1/ldogfunc/N344_photoFlicker_1_LplusS_RightEye_run13_preprocessedFunc.zip,,,,,,,,,,,,,,,,,,blockedStimulus_1x144_On=1.mat,'N344_photoFlicker_1_LplusS_RightEye',N344_photoFlicker_1_LplusS_RightEye,
N344,N344/photoFlicker_1/ldogfunc/N344_photoFlicker_1_LminusS_RightEye_run02_preprocessedFunc.zip,N344/photoFlicker_1/ldogfunc/N344_photoFlicker_1_LminusS_RightEye_run08_preprocessedFunc.zip,N344/photoFlicker_1/ldogfunc/N344_photoFlicker_1_LminusS_RightEye_run14_preprocessedFunc.zip,,,,,,,,,,,,,,,,,,blockedStimulus_1x144_On=1.mat,'N344_photoFlicker_1_LminusS_RightEye',N344_photoFlicker_1_LminusS_RightEye,
N344,N344/photoFlicker_1/ldogfunc/N344_photoFlicker_1_LightFlux_RightEye_run03_preprocessedFunc.zip,N344/photoFlicker_1/ldogfunc/N344_photoFlicker_1_LightFlux_RightEye_run09_preprocessedFunc.zip,N344/photoFlicker_1/ldogfunc/N344_photoFlicker_1_LightFlux_RightEye_run09_preprocessedFunc.zip,,,,,,,,,,,,,,,,,,blockedStimulus_1x144_On=1.mat,'N344_photoFlicker_1_LightFlux_RightEye',N344_photoFlicker_1_LightFlux_RightEye,Missing number 15. Repeated 9.
N344,N344/photoFlicker_1/ldogfunc/N344_photoFlicker_1_LplusS_LeftEye_run04_preprocessedFunc.zip,N344/photoFlicker_1/ldogfunc/N344_photoFlicker_1_LplusS_LeftEye_run10_preprocessedFunc.zip,N344/photoFlicker_1/ldogfunc/N344_photoFlicker_1_LplusS_LeftEye_run10_preprocessedFunc.zip,,,,,,,,,,,,,,,,,,blockedStimulus_1x144_On=1.mat,'N344_photoFlicker_1_LplusS_LeftEye',N344_photoFlicker_1_LplusS_LeftEye,Missing number 16. Repeated 10.
N344,N344/photoFlicker_1/ldogfunc/N344_photoFlicker_1_LminusS_LeftEye_run05_preprocessedFunc.zip,N344/photoFlicker_1/ldogfunc/N344_photoFlicker_1_LminusS_LeftEye_run11_preprocessedFunc.zip,N344/photoFlicker_1/ldogfunc/N344_photoFlicker_1_LminusS_LeftEye_run11_preprocessedFunc.zip,,,,,,,,,,,,,,,,,,blockedStimulus_1x144_On=1.mat,'N344_photoFlicker_1_LminusS_LeftEye',N344_photoFlicker_1_LminusS_LeftEye,Missing number 17. Repeated 11
N344,N344/photoFlicker_1/ldogfunc/N344_photoFlicker_1_LightFlux_LeftEye_run06_preprocessedFunc.zip,N344/photoFlicker_1/ldogfunc/N344_photoFlicker_1_LightFlux_LeftEye_run12_preprocessedFunc.zip,N344/photoFlicker_1/ldogfunc/N344_photoFlicker_1_LightFlux_LeftEye_run12_preprocessedFunc.zip,,,,,,,,,,,,,,,,,,blockedStimulus_1x144_On=1.mat,'N344_photoFlicker_1_LightFlux_LeftEye',N344_photoFlicker_1_LightFlux_LeftEye,Missing number 18. Repeated 12
,,,,,,,,,,,,,,,,,,,,,,,,
EM543,EM543/photoFlicker_1/ldogfunc/EM543_photoFlicker_1_LplusS_RightEye_run01_preprocessedFunc.zip,EM543/photoFlicker_1/ldogfunc/EM543_photoFlicker_1_LplusS_RightEye_run07_preprocessedFunc.zip,EM543/photoFlicker_1/ldogfunc/EM543_photoFlicker_1_LplusS_RightEye_run13_preprocessedFunc.zip,,,,,,,,,,,,,,,,,,blockedStimulus_1x144_On=1.mat,'EM543_photoFlicker_1_LplusS_RightEye',EM543_photoFlicker_1_LplusS_RightEye,
EM543,EM543/photoFlicker_1/ldogfunc/EM543_photoFlicker_1_LminusS_RightEye_run02_preprocessedFunc.zip,EM543/photoFlicker_1/ldogfunc/EM543_photoFlicker_1_LminusS_RightEye_run08_preprocessedFunc.zip,EM543/photoFlicker_1/ldogfunc/EM543_photoFlicker_1_LminusS_RightEye_run14_preprocessedFunc.zip,,,,,,,,,,,,,,,,,,blockedStimulus_1x144_On=1.mat,'EM543_photoFlicker_1_LminusS_RightEye',EM543_photoFlicker_1_LminusS_RightEye,
EM543,EM543/photoFlicker_1/ldogfunc/EM543_photoFlicker_1_LightFlux_RightEye_run03_preprocessedFunc.zip,EM543/photoFlicker_1/ldogfunc/EM543_photoFlicker_1_LightFlux_RightEye_run09_preprocessedFunc.zip,EM543/photoFlicker_1/ldogfunc/EM543_photoFlicker_1_LightFlux_RightEye_run15_preprocessedFunc.zip,,,,,,,,,,,,,,,,,,blockedStimulus_1x144_On=1.mat,'EM543_photoFlicker_1_LightFlux_RightEye',EM543_photoFlicker_1_LightFlux_RightEye,
EM543,EM543/photoFlicker_1/ldogfunc/EM543_photoFlicker_1_LplusS_LeftEye_run04_preprocessedFunc.zip,EM543/photoFlicker_1/ldogfunc/EM543_photoFlicker_1_LplusS_LeftEye_run10_preprocessedFunc.zip,EM543/photoFlicker_1/ldogfunc/EM543_photoFlicker_1_LplusS_LeftEye_run16_preprocessedFunc.zip,,,,,,,,,,,,,,,,,,blockedStimulus_1x144_On=1.mat,'EM543_photoFlicker_1_LplusS_LeftEye',EM543_photoFlicker_1_LplusS_LeftEye,
EM543,EM543/photoFlicker_1/ldogfunc/EM543_photoFlicker_1_LminusS_LeftEye_run05_preprocessedFunc.zip,EM543/photoFlicker_1/ldogfunc/EM543_photoFlicker_1_LminusS_LeftEye_run11_preprocessedFunc.zip,EM543/photoFlicker_1/ldogfunc/EM543_photoFlicker_1_LminusS_LeftEye_run17_preprocessedFunc.zip,,,,,,,,,,,,,,,,,,blockedStimulus_1x144_On=1.mat,'EM543_photoFlicker_1_LminusS_LeftEye',EM543_photoFlicker_1_LminusS_LeftEye,
EM543,EM543/photoFlicker_1/ldogfunc/EM543_photoFlicker_1_LightFlux_LeftEye_run06_preprocessedFunc.zip,EM543/photoFlicker_1/ldogfunc/EM543_photoFlicker_1_LightFlux_LeftEye_run12_preprocessedFunc.zip,EM543/photoFlicker_1/ldogfunc/EM543_photoFlicker_1_LightFlux_LeftEye_run18_preprocessedFunc.zip,,,,,,,,,,,,,,,,,,blockedStimulus_1x144_On=1.mat,'EM543_photoFlicker_1_LightFlux_LeftEye',EM543_photoFlicker_1_LightFlux_LeftEye,
,,,,,,,,,,,,,,,,,,,,,,,,
EM529,EM529/photoFlicker_1/ldogfunc/EM529_photoFlicker_1_LplusS_RightEye_run01_preprocessedFunc.zip,EM529/photoFlicker_1/ldogfunc/EM529_photoFlicker_1_LplusS_RightEye_run07_preprocessedFunc.zip,EM529/photoFlicker_1/ldogfunc/EM529_photoFlicker_1_LplusS_RightEye_run13_preprocessedFunc.zip,,,,,,,,,,,,,,,,,,blockedStimulus_1x144_On=1.mat,'EM529_photoFlicker_1_LplusS_RightEye',EM529_photoFlicker_1_LplusS_RightEye,
EM529,EM529/photoFlicker_1/ldogfunc/EM529_photoFlicker_1_LminusS_RightEye_run08_preprocessedFunc.zip,EM529/photoFlicker_1/ldogfunc/EM529_photoFlicker_1_LminusS_RightEye_run14_preprocessedFunc.zip,EM529/photoFlicker_1/ldogfunc/EM529_photoFlicker_1_LminusS_RightEye_run14_preprocessedFunc.zip,,,,,,,,,,,,,,,,,,blockedStimulus_1x144_On=1.mat,'EM529_photoFlicker_1_LminusS_RightEye',EM529_photoFlicker_1_LminusS_RightEye,Missing number 2. Repeated func 14.
EM529,EM529/photoFlicker_1/ldogfunc/EM529_photoFlicker_1_LightFlux_RightEye_run03_preprocessedFunc.zip,EM529/photoFlicker_1/ldogfunc/EM529_photoFlicker_1_LightFlux_RightEye_run09_preprocessedFunc.zip,EM529/photoFlicker_1/ldogfunc/EM529_photoFlicker_1_LightFlux_RightEye_run15_preprocessedFunc.zip,,,,,,,,,,,,,,,,,,blockedStimulus_1x144_On=1.mat,'EM529_photoFlicker_1_LightFlux_RightEye',EM529_photoFlicker_1_LightFlux_RightEye,
EM529,EM529/photoFlicker_1/ldogfunc/EM529_photoFlicker_1_LplusS_LeftEye_run04_preprocessedFunc.zip,EM529/photoFlicker_1/ldogfunc/EM529_photoFlicker_1_LplusS_LeftEye_run10_preprocessedFunc.zip,EM529/photoFlicker_1/ldogfunc/EM529_photoFlicker_1_LplusS_LeftEye_run16_preprocessedFunc.zip,,,,,,,,,,,,,,,,,,blockedStimulus_1x144_On=1.mat,'EM529_photoFlicker_1_LminusS_LeftEye',EM529_photoFlicker_1_LplusS_LeftEye,
EM529,EM529/photoFlicker_1/ldogfunc/EM529_photoFlicker_1_LminusS_LeftEye_run05_preprocessedFunc.zip,EM529/photoFlicker_1/ldogfunc/EM529_photoFlicker_1_LminusS_LeftEye_run11_preprocessedFunc.zip,EM529/photoFlicker_1/ldogfunc/EM529_photoFlicker_1_LminusS_LeftEye_run17_preprocessedFunc.zip,,,,,,,,,,,,,,,,,,blockedStimulus_1x144_On=1.mat,'EM529_photoFlicker_1_LplusS_LeftEye',EM529_photoFlicker_1_LminusS_LeftEye,
EM529,EM529/photoFlicker_1/ldogfunc/EM529_photoFlicker_1_LightFlux_LeftEye_run06_preprocessedFunc.zip,EM529/photoFlicker_1/ldogfunc/EM529_photoFlicker_1_LightFlux_LeftEye_run12_preprocessedFunc.zip,EM529/photoFlicker_1/ldogfunc/EM529_photoFlicker_1_LightFlux_LeftEye_run18_preprocessedFunc.zip,,,,,,,,,,,,,,,,,,blockedStimulus_1x144_On=1.mat,'EM529_photoFlicker_1_LightFlux_LeftEye',EM529_photoFlicker_1_LightFlux_LeftEye,
,,,,,,,,,,,,,,,,,,,,,,,,
2356,2356/photoFlicker_1/ldogfunc/2356_photoFlicker_1_LplusS_RightEye_run01_preprocessedFunc.zip,2356/photoFlicker_1/ldogfunc/2356_photoFlicker_1_LplusS_RightEye_run07_preprocessedFunc.zip,2356/photoFlicker_1/ldogfunc/2356_photoFlicker_1_LplusS_RightEye_run13_preprocessedFunc.zip,,,,,,,,,,,,,,,,,,blockedStimulus_1x144_On=1.mat,'2356_photoFlicker_1_LplusS_RightEye',2356_photoFlicker_1_LplusS_RightEye,
2356,2356/photoFlicker_1/ldogfunc/2356_photoFlicker_1_LminusS_RightEye_run02_preprocessedFunc.zip,2356/photoFlicker_1/ldogfunc/2356_photoFlicker_1_LminusS_RightEye_run08_preprocessedFunc.zip,2356/photoFlicker_1/ldogfunc/2356_photoFlicker_1_LminusS_RightEye_run14_preprocessedFunc.zip,,,,,,,,,,,,,,,,,,blockedStimulus_1x144_On=1.mat,'2356_photoFlicker_1_LminusS_RightEye',2356_photoFlicker_1_LminusS_RightEye,
2356,2356/photoFlicker_1/ldogfunc/2356_photoFlicker_1_LightFlux_RightEye_run03_preprocessedFunc.zip,2356/photoFlicker_1/ldogfunc/2356_photoFlicker_1_LightFlux_RightEye_run09_preprocessedFunc.zip,2356/photoFlicker_1/ldogfunc/2356_photoFlicker_1_LightFlux_RightEye_run15_preprocessedFunc.zip,,,,,,,,,,,,,,,,,,blockedStimulus_1x144_On=1.mat,'2356_photoFlicker_1_LightFlux_RightEye',2356_photoFlicker_1_LightFlux_RightEye,
2356,2356/photoFlicker_1/ldogfunc/2356_photoFlicker_1_LplusS_LeftEye_run04_preprocessedFunc.zip,2356/photoFlicker_1/ldogfunc/2356_photoFlicker_1_LplusS_LeftEye_run10_preprocessedFunc.zip,2356/photoFlicker_1/ldogfunc/2356_photoFlicker_1_LplusS_LeftEye_run16_preprocessedFunc.zip,,,,,,,,,,,,,,,,,,blockedStimulus_1x144_On=1.mat,'2356_photoFlicker_1_LplusS_LeftEye',2356_photoFlicker_1_LplusS_LeftEye,
2356,2356/photoFlicker_1/ldogfunc/2356_photoFlicker_1_LminusS_LeftEye_run05_preprocessedFunc.zip,2356/photoFlicker_1/ldogfunc/2356_photoFlicker_1_LminusS_LeftEye_run11_preprocessedFunc.zip,2356/photoFlicker_1/ldogfunc/2356_photoFlicker_1_LminusS_LeftEye_run17_preprocessedFunc.zip,,,,,,,,,,,,,,,,,,blockedStimulus_1x144_On=1.mat,'2356_photoFlicker_1_LminusS_LeftEye',2356_photoFlicker_1_LminusS_LeftEye,
2356,2356/photoFlicker_1/ldogfunc/2356_photoFlicker_1_LightFlux_LeftEye_run06_preprocessedFunc.zip,2356/photoFlicker_1/ldogfunc/2356_photoFlicker_1_LightFlux_LeftEye_run12_preprocessedFunc.zip,2356/photoFlicker_1/ldogfunc/2356_photoFlicker_1_LightFlux_LeftEye_run18_preprocessedFunc.zip,,,,,,,,,,,,,,,,,,blockedStimulus_1x144_On=1.mat,'2356_photoFlicker_1_LightFlux_LeftEye',2356_photoFlicker_1_LightFlux_LeftEye,
,,,,,,,,,,,,,,,,,,,,,,,,
2353,2353/photoFlicker_1/ldogfunc/2353_photoFlicker_1_LplusS_RightEye_run01_preprocessedFunc.zip,2353/photoFlicker_1/ldogfunc/2353_photoFlicker_1_LplusS_RightEye_run07_preprocessedFunc.zip,2353/photoFlicker_1/ldogfunc/2353_photoFlicker_1_LplusS_RightEye_run13_preprocessedFunc.zip,,,,,,,,,,,,,,,,,,blockedStimulus_1x144_On=1.mat,'2353_photoFlicker_1_LplusS_RightEye',2353_photoFlicker_1_LplusS_RightEye,
2353,2353/photoFlicker_1/ldogfunc/2353_photoFlicker_1_LminusS_RightEye_run02_preprocessedFunc.zip,2353/photoFlicker_1/ldogfunc/2353_photoFlicker_1_LminusS_RightEye_run08_preprocessedFunc.zip,2353/photoFlicker_1/ldogfunc/2353_photoFlicker_1_LminusS_RightEye_run14_preprocessedFunc.zip,,,,,,,,,,,,,,,,,,blockedStimulus_1x144_On=1.mat,'2353_photoFlicker_1_LminusS_RightEye',2353_photoFlicker_1_LminusS_RightEye,
2353,2353/photoFlicker_1/ldogfunc/2353_photoFlicker_1_LightFlux_RightEye_run03_preprocessedFunc.zip,2353/photoFlicker_1/ldogfunc/2353_photoFlicker_1_LightFlux_RightEye_run09_preprocessedFunc.zip,2353/photoFlicker_1/ldogfunc/2353_photoFlicker_1_LightFlux_RightEye_run15_preprocessedFunc.zip,,,,,,,,,,,,,,,,,,blockedStimulus_1x144_On=1.mat,'2353_photoFlicker_1_LightFlux_RightEye',2353_photoFlicker_1_LightFlux_RightEye,
2353,2353/photoFlicker_1/ldogfunc/2353_photoFlicker_1_LplusS_LeftEye_run04_preprocessedFunc.zip,2353/photoFlicker_1/ldogfunc/2353_photoFlicker_1_LplusS_LeftEye_run10_preprocessedFunc.zip,2353/photoFlicker_1/ldogfunc/2353_photoFlicker_1_LplusS_LeftEye_run16_preprocessedFunc.zip,,,,,,,,,,,,,,,,,,blockedStimulus_1x144_On=1.mat,'2353_photoFlicker_1_LplusS_LeftEye',2353_photoFlicker_1_LplusS_LeftEye,
2353,2353/photoFlicker_1/ldogfunc/2353_photoFlicker_1_LminusS_LeftEye_run05_preprocessedFunc.zip,2353/photoFlicker_1/ldogfunc/2353_photoFlicker_1_LminusS_LeftEye_run11_preprocessedFunc.zip,2353/photoFlicker_1/ldogfunc/2353_photoFlicker_1_LminusS_LeftEye_run17_preprocessedFunc.zip,,,,,,,,,,,,,,,,,,blockedStimulus_1x144_On=1.mat,'2353_photoFlicker_1_LminusS_LeftEye',2353_photoFlicker_1_LminusS_LeftEye,
2353,2353/photoFlicker_1/ldogfunc/2353_photoFlicker_1_LightFlux_LeftEye_run06_preprocessedFunc.zip,2353/photoFlicker_1/ldogfunc/2353_photoFlicker_1_LightFlux_LeftEye_run12_preprocessedFunc.zip,2353/photoFlicker_1/ldogfunc/2353_photoFlicker_1_LightFlux_LeftEye_run18_preprocessedFunc.zip,,,,,,,,,,,,,,,,,,blockedStimulus_1x144_On=1.mat,'2353_photoFlicker_1_LightFlux_LeftEye',2353_photoFlicker_1_LightFlux_LeftEye,
,,,,,,,,,,,,,,,,,,,,,,,,
2350,2350/photoFlicker_1/ldogfunc/2350_photoFlicker_1_LplusS_RightEye_run01_preprocessedFunc.zip,2350/photoFlicker_1/ldogfunc/2350_photoFlicker_1_LplusS_RightEye_run07_preprocessedFunc.zip,2350/photoFlicker_1/ldogfunc/2350_photoFlicker_1_LplusS_RightEye_run13_preprocessedFunc.zip,,,,,,,,,,,,,,,,,,blockedStimulus_1x144_On=1.mat,'2350_photoFlicker_1_LplusS_RightEye',2350_photoFlicker_1_LplusS_RightEye,
2350,2350/photoFlicker_1/ldogfunc/2350_photoFlicker_1_LminusS_RightEye_run02_preprocessedFunc.zip,2350/photoFlicker_1/ldogfunc/2350_photoFlicker_1_LminusS_RightEye_run08_preprocessedFunc.zip,2350/photoFlicker_1/ldogfunc/2350_photoFlicker_1_LminusS_RightEye_run14_preprocessedFunc.zip,,,,,,,,,,,,,,,,,,blockedStimulus_1x144_On=1.mat,'2350_photoFlicker_1_LminusS_RightEye',2350_photoFlicker_1_LminusS_RightEye,
2350,2350/photoFlicker_1/ldogfunc/2350_photoFlicker_1_LightFlux_RightEye_run03_preprocessedFunc.zip,2350/photoFlicker_1/ldogfunc/2350_photoFlicker_1_LightFlux_RightEye_run09_preprocessedFunc.zip,2350/photoFlicker_1/ldogfunc/2350_photoFlicker_1_LightFlux_RightEye_run15_preprocessedFunc.zip,,,,,,,,,,,,,,,,,,blockedStimulus_1x144_On=1.mat,'2350_photoFlicker_1_LightFlux_RightEye',2350_photoFlicker_1_LightFlux_RightEye,
2350,2350/photoFlicker_1/ldogfunc/2350_photoFlicker_1_LplusS_LeftEye_run04_preprocessedFunc.zip,2350/photoFlicker_1/ldogfunc/2350_photoFlicker_1_LplusS_LeftEye_run10_preprocessedFunc.zip,2350/photoFlicker_1/ldogfunc/2350_photoFlicker_1_LplusS_LeftEye_run16_preprocessedFunc.zip,,,,,,,,,,,,,,,,,,blockedStimulus_1x144_On=1.mat,'2350_photoFlicker_1_LplusS_LeftEye',2350_photoFlicker_1_LplusS_LeftEye,
2350,2350/photoFlicker_1/ldogfunc/2350_photoFlicker_1_LminusS_LeftEye_run05_preprocessedFunc.zip,2350/photoFlicker_1/ldogfunc/2350_photoFlicker_1_LminusS_LeftEye_run11_preprocessedFunc.zip,2350/photoFlicker_1/ldogfunc/2350_photoFlicker_1_LminusS_LeftEye_run17_preprocessedFunc.zip,,,,,,,,,,,,,,,,,,blockedStimulus_1x144_On=1.mat,'2350_photoFlicker_1_LminusS_LeftEye',2350_photoFlicker_1_LminusS_LeftEye,
2350,2350/photoFlicker_1/ldogfunc/2350_photoFlicker_1_LightFlux_LeftEye_run06_preprocessedFunc.zip,2350/photoFlicker_1/ldogfunc/2350_photoFlicker_1_LightFlux_LeftEye_run12_preprocessedFunc.zip,2350/photoFlicker_1/ldogfunc/2350_photoFlicker_1_LightFlux_LeftEye_run18_preprocessedFunc.zip,,,,,,,,,,,,,,,,,,blockedStimulus_1x144_On=1.mat,'2350_photoFlicker_1_LightFlux_LeftEye',2350_photoFlicker_1_LightFlux_LeftEye,
,,,,,,,,,,,,,,,,,,,,,,,,
Z666,Z666/photoFlicker_1/ldogfunc/Z666_photoFlicker_1_LplusS_RightEye_run01_preprocessedFunc.zip,Z666/photoFlicker_1/ldogfunc/Z666_photoFlicker_1_LplusS_RightEye_run07_preprocessedFunc.zip,Z666/photoFlicker_1/ldogfunc/Z666_photoFlicker_1_LplusS_RightEye_run13_preprocessedFunc.zip,,,,,,,,,,,,,,,,,,blockedStimulus_1x144_On=1.mat,'Z666_photoFlicker_1_LplusS_RightEye',Z666_photoFlicker_1_LplusS_RightEye,
Z666,Z666/photoFlicker_1/ldogfunc/Z666_photoFlicker_1_LminusS_RightEye_run02_preprocessedFunc.zip,Z666/photoFlicker_1/ldogfunc/Z666_photoFlicker_1_LminusS_RightEye_run08_preprocessedFunc.zip,Z666/photoFlicker_1/ldogfunc/Z666_photoFlicker_1_LminusS_RightEye_run14_preprocessedFunc.zip,,,,,,,,,,,,,,,,,,blockedStimulus_1x144_On=1.mat,'Z666_photoFlicker_1_LminusS_RightEye',Z666_photoFlicker_1_LminusS_RightEye,
Z666,Z666/photoFlicker_1/ldogfunc/Z666_photoFlicker_1_LightFlux_RightEye_run03_preprocessedFunc.zip,Z666/photoFlicker_1/ldogfunc/Z666_photoFlicker_1_LightFlux_RightEye_run09_preprocessedFunc.zip,Z666/photoFlicker_1/ldogfunc/Z666_photoFlicker_1_LightFlux_RightEye_run15_preprocessedFunc.zip,,,,,,,,,,,,,,,,,,blockedStimulus_1x144_On=1.mat,'Z666_photoFlicker_1_LightFlux_RightEye',Z666_photoFlicker_1_LightFlux_RightEye,
Z666,Z666/photoFlicker_1/ldogfunc/Z666_photoFlicker_1_LplusS_LeftEye_run04_preprocessedFunc.zip,Z666/photoFlicker_1/ldogfunc/Z666_photoFlicker_1_LplusS_LeftEye_run10_preprocessedFunc.zip,Z666/photoFlicker_1/ldogfunc/Z666_photoFlicker_1_LplusS_LeftEye_run16_preprocessedFunc.zip,,,,,,,,,,,,,,,,,,blockedStimulus_1x144_On=1.mat,'Z666_photoFlicker_1_LplusS_LeftEye',Z666_photoFlicker_1_LplusS_LeftEye,
Z666,Z666/photoFlicker_1/ldogfunc/Z666_photoFlicker_1_LminusS_LeftEye_run05_preprocessedFunc.zip,Z666/photoFlicker_1/ldogfunc/Z666_photoFlicker_1_LminusS_LeftEye_run11_preprocessedFunc.zip,Z666/photoFlicker_1/ldogfunc/Z666_photoFlicker_1_LminusS_LeftEye_run17_preprocessedFunc.zip,,,,,,,,,,,,,,,,,,blockedStimulus_1x144_On=1.mat,'Z666_photoFlicker_1_LminusS_LeftEye',Z666_photoFlicker_1_LminusS_LeftEye,
Z666,Z666/photoFlicker_1/ldogfunc/Z666_photoFlicker_1_LightFlux_LeftEye_run06_preprocessedFunc.zip,Z666/photoFlicker_1/ldogfunc/Z666_photoFlicker_1_LightFlux_LeftEye_run12_preprocessedFunc.zip,Z666/photoFlicker_1/ldogfunc/Z666_photoFlicker_1_LightFlux_LeftEye_run18_preprocessedFunc.zip,,,,,,,,,,,,,,,,,,blockedStimulus_1x144_On=1.mat,'Z666_photoFlicker_1_LightFlux_LeftEye',Z666_photoFlicker_1_LightFlux_LeftEye,
,,,,,,,,,,,,,,,,,,,,,,,,
Z665,Z665/photoFlicker_1/ldogfunc/Z665_photoFlicker_1_LplusS_RightEye_run01_preprocessedFunc.zip,Z665/photoFlicker_1/ldogfunc/Z665_photoFlicker_1_LplusS_RightEye_run07_preprocessedFunc.zip,Z665/photoFlicker_1/ldogfunc/Z665_photoFlicker_1_LplusS_RightEye_run13_preprocessedFunc.zip,,,,,,,,,,,,,,,,,,blockedStimulus_1x144_On=1.mat,'Z665_photoFlicker_1_LplusS_RightEye',Z665_photoFlicker_1_LplusS_RightEye,
Z665,Z665/photoFlicker_1/ldogfunc/Z665_photoFlicker_1_LminusS_RightEye_run02_preprocessedFunc.zip,Z665/photoFlicker_1/ldogfunc/Z665_photoFlicker_1_LminusS_RightEye_run08_preprocessedFunc.zip,Z665/photoFlicker_1/ldogfunc/Z665_photoFlicker_1_LminusS_RightEye_run14_preprocessedFunc.zip,,,,,,,,,,,,,,,,,,blockedStimulus_1x144_On=1.mat,'Z665_photoFlicker_1_LminusS_RightEye',Z665_photoFlicker_1_LminusS_RightEye,
Z665,Z665/photoFlicker_1/ldogfunc/Z665_photoFlicker_1_LightFlux_RightEye_run03_preprocessedFunc.zip,Z665/photoFlicker_1/ldogfunc/Z665_photoFlicker_1_LightFlux_RightEye_run09_preprocessedFunc.zip,Z665/photoFlicker_1/ldogfunc/Z665_photoFlicker_1_LightFlux_RightEye_run09_preprocessedFunc.zip,,,,,,,,,,,,,,,,,,blockedStimulus_1x144_On=1.mat,'Z665_photoFlicker_1_LightFlux_RightEye',Z665_photoFlicker_1_LightFlux_RightEye,"Missing one acquisition, so entered this func TWICE"
Z665,Z665/photoFlicker_1/ldogfunc/Z665_photoFlicker_1_LplusS_LeftEye_run04_preprocessedFunc.zip,Z665/photoFlicker_1/ldogfunc/Z665_photoFlicker_1_LplusS_LeftEye_run10_preprocessedFunc.zip,Z665/photoFlicker_1/ldogfunc/Z665_photoFlicker_1_LplusS_LeftEye_run16_preprocessedFunc.zip,,,,,,,,,,,,,,,,,,blockedStimulus_1x144_On=1.mat,'Z665_photoFlicker_1_LplusS_LeftEye',Z665_photoFlicker_1_LplusS_LeftEye,
Z665,Z665/photoFlicker_1/ldogfunc/Z665_photoFlicker_1_LminusS_LeftEye_run05_preprocessedFunc.zip,Z665/photoFlicker_1/ldogfunc/Z665_photoFlicker_1_LminusS_LeftEye_run11_preprocessedFunc.zip,Z665/photoFlicker_1/ldogfunc/Z665_photoFlicker_1_LminusS_LeftEye_run17_preprocessedFunc.zip,,,,,,,,,,,,,,,,,,blockedStimulus_1x144_On=1.mat,'Z665_photoFlicker_1_LminusS_LeftEye',Z665_photoFlicker_1_LminusS_LeftEye,
Z665,Z665/photoFlicker_1/ldogfunc/Z665_photoFlicker_1_LightFlux_LeftEye_run06_preprocessedFunc.zip,Z665/photoFlicker_1/ldogfunc/Z665_photoFlicker_1_LightFlux_LeftEye_run12_preprocessedFunc.zip,Z665/photoFlicker_1/ldogfunc/Z665_photoFlicker_1_LightFlux_LeftEye_run18_preprocessedFunc.zip,,,,,,,,,,,,,,,,,,blockedStimulus_1x144_On=1.mat,'Z665_photoFlicker_1_LightFlux_LeftEye',Z665_photoFlicker_1_LightFlux_LeftEye,
,,,,,,,,,,,,,,,,,,,,,,,,
Z663,Z663/photoFlicker_1/ldogfunc/Z663_photoFlicker_1_LplusS_RightEye_run01_preprocessedFunc.zip,Z663/photoFlicker_1/ldogfunc/Z663_photoFlicker_1_LplusS_RightEye_run07_preprocessedFunc.zip,Z663/photoFlicker_1/ldogfunc/Z663_photoFlicker_1_LplusS_RightEye_run13_preprocessedFunc.zip,,,,,,,,,,,,,,,,,,blockedStimulus_1x144_On=1.mat,'Z663_photoFlicker_1_LplusS_RightEye',Z663_photoFlicker_1_LplusS_RightEye,
Z663,Z663/photoFlicker_1/ldogfunc/Z663_photoFlicker_1_LminusS_RightEye_run02_preprocessedFunc.zip,Z663/photoFlicker_1/ldogfunc/Z663_photoFlicker_1_LminusS_RightEye_run08_preprocessedFunc.zip,Z663/photoFlicker_1/ldogfunc/Z663_photoFlicker_1_LminusS_RightEye_run14_preprocessedFunc.zip,,,,,,,,,,,,,,,,,,blockedStimulus_1x144_On=1.mat,'Z663_photoFlicker_1_LminusS_RightEye',Z663_photoFlicker_1_LminusS_RightEye,
Z663,Z663/photoFlicker_1/ldogfunc/Z663_photoFlicker_1_LightFlux_RightEye_run03_preprocessedFunc.zip,Z663/photoFlicker_1/ldogfunc/Z663_photoFlicker_1_LightFlux_RightEye_run09_preprocessedFunc.zip,Z663/photoFlicker_1/ldogfunc/Z663_photoFlicker_1_LightFlux_RightEye_run15_preprocessedFunc.zip,,,,,,,,,,,,,,,,,,blockedStimulus_1x144_On=1.mat,'Z663_photoFlicker_1_LightFlux_RightEye',Z663_photoFlicker_1_LightFlux_RightEye,
Z663,Z663/photoFlicker_1/ldogfunc/Z663_photoFlicker_1_LplusS_LeftEye_run04_preprocessedFunc.zip,Z663/photoFlicker_1/ldogfunc/Z663_photoFlicker_1_LplusS_LeftEye_run10_preprocessedFunc.zip,Z663/photoFlicker_1/ldogfunc/Z663_photoFlicker_1_LplusS_LeftEye_run16_preprocessedFunc.zip,,,,,,,,,,,,,,,,,,blockedStimulus_1x144_On=1.mat,'Z663_photoFlicker_1_LplusS_LeftEye',Z663_photoFlicker_1_LplusS_LeftEye,
Z663,Z663/photoFlicker_1/ldogfunc/Z663_photoFlicker_1_LminusS_LeftEye_run05_preprocessedFunc.zip,Z663/photoFlicker_1/ldogfunc/Z663_photoFlicker_1_LminusS_LeftEye_run11_preprocessedFunc.zip,Z663/photoFlicker_1/ldogfunc/Z663_photoFlicker_1_LminusS_LeftEye_run17_preprocessedFunc.zip,,,,,,,,,,,,,,,,,,blockedStimulus_1x144_On=1.mat,'Z663_photoFlicker_1_LminusS_LeftEye',Z663_photoFlicker_1_LminusS_LeftEye,
Z663,Z663/photoFlicker_1/ldogfunc/Z663_photoFlicker_1_LightFlux_LeftEye_run06_preprocessedFunc.zip,Z663/photoFlicker_1/ldogfunc/Z663_photoFlicker_1_LightFlux_LeftEye_run12_preprocessedFunc.zip,Z663/photoFlicker_1/ldogfunc/Z663_photoFlicker_1_LightFlux_LeftEye_run18_preprocessedFunc.zip,,,,,,,,,,,,,,,,,,blockedStimulus_1x144_On=1.mat,'Z663_photoFlicker_1_LightFlux_LeftEye',Z663_photoFlicker_1_LightFlux_LeftEye,
,,,,,,,,,,,,,,,,,,,,,,,,
N293,N293/lightFluxFlicker/ldogfunc/N293_lightFluxFlicker_RightEyeStim_run01_preprocessedFunc.zip,N293/lightFluxFlicker/ldogfunc/N293_lightFluxFlicker_RightEyeStim_run02_preprocessedFunc.zip,N293/lightFluxFlicker/ldogfunc/N293_lightFluxFlicker_RightEyeStim_run03_preprocessedFunc.zip,N293/lightFluxFlicker/ldogfunc/N293_lightFluxFlicker_RightEyeStim_run04_preprocessedFunc.zip,N293/lightFluxFlicker/ldogfunc/N293_lightFluxFlicker_RightEyeStim_run05_preprocessedFunc.zip,N293/lightFluxFlicker/ldogfunc/N293_lightFluxFlicker_RightEyeStim_run06_preprocessedFunc.zip,N293/lightFluxFlicker/ldogfunc/N293_lightFluxFlicker_RightEyeStim_run07_preprocessedFunc.zip,N293/lightFluxFlicker/ldogfunc/N293_lightFluxFlicker_RightEyeStim_run08_preprocessedFunc.zip,N293/lightFluxFlicker/ldogfunc/N293_lightFluxFlicker_RightEyeStim_run09_preprocessedFunc.zip,N293/lightFluxFlicker/ldogfunc/N293_lightFluxFlicker_RightEyeStim_run10_preprocessedFunc.zip,,,,,,,,,,,lightFluxFlicker_1x112_On=0.mat,'N293_lightFluxFlicker',N293_lightFluxFlicker,
,,,,,,,,,,,,,,,,,,,,,,,,
N292,N292/lightFluxFlicker/ldogfunc/N292_lightFluxFlicker_RightEyeStim_run01_preprocessedFunc.zip,N292/lightFluxFlicker/ldogfunc/N292_lightFluxFlicker_RightEyeStim_run02_preprocessedFunc.zip,N292/lightFluxFlicker/ldogfunc/N292_lightFluxFlicker_RightEyeStim_run03_preprocessedFunc.zip,N292/lightFluxFlicker/ldogfunc/N292_lightFluxFlicker_RightEyeStim_run04_preprocessedFunc.zip,N292/lightFluxFlicker/ldogfunc/N292_lightFluxFlicker_RightEyeStim_run05_preprocessedFunc.zip,N292/lightFluxFlicker/ldogfunc/N292_lightFluxFlicker_RightEyeStim_run06_preprocessedFunc.zip,N292/lightFluxFlicker/ldogfunc/N292_lightFluxFlicker_RightEyeStim_run07_preprocessedFunc.zip,N292/lightFluxFlicker/ldogfunc/N292_lightFluxFlicker_RightEyeStim_run08_preprocessedFunc.zip,N292/lightFluxFlicker/ldogfunc/N292_lightFluxFlicker_RightEyeStim_run09_preprocessedFunc.zip,N292/lightFluxFlicker/ldogfunc/N292_lightFluxFlicker_RightEyeStim_run10_preprocessedFunc.zip,,,,,,,,,,,lightFluxFlicker_1x112_On=0.mat,'N292_lightFluxFlicker',N292_lightFluxFlicker,
,,,,,,,,,,,,,,,,,,,,,,,,
M662,M662/foveaLocalizer_1.1/ldogfunc/M662_foveaLocalizer_1_1_LeftEyeStim_run01_preprocessedFunc.zip,M662/foveaLocalizer_1.1/ldogfunc/M662_foveaLocalizer_1_1_LeftEyeStim_run02_preprocessedFunc.zip,M662/foveaLocalizer_1.1/ldogfunc/M662_foveaLocalizer_1_1_LeftEyeStim_run03_preprocessedFunc.zip,M662/foveaLocalizer_1.1/ldogfunc/M662_foveaLocalizer_1_1_LeftEyeStim_run04_preprocessedFunc.zip,M662/foveaLocalizer_1.3/ldogfunc/M662_foveaLocalizer_1_3_LeftEyeStim_run09_preprocessedFunc.zip,M662/foveaLocalizer_1.3/ldogfunc/M662_foveaLocalizer_1_3_LeftEyeStim_run10_preprocessedFunc.zip,M662/foveaLocalizer_1.3/ldogfunc/M662_foveaLocalizer_1_3_LeftEyeStim_run11_preprocessedFunc.zip,M662/foveaLocalizer_1.3/ldogfunc/M662_foveaLocalizer_1_3_LeftEyeStim_run12_preprocessedFunc.zip,,,,,,,,,,,,,lightFluxFlicker_1x112_On=0.mat,'M662_foveaLocalizer_1_leftEyeStim',M662_foveaLocalizer_1_leftEyeStim,
M662,M662/foveaLocalizer_1.2/ldogfunc/M662_foveaLocalizer_1_2_RightEyeStim_run05_preprocessedFunc.zip,M662/foveaLocalizer_1.2/ldogfunc/M662_foveaLocalizer_1_2_RightEyeStim_run06_preprocessedFunc.zip,M662/foveaLocalizer_1.2/ldogfunc/M662_foveaLocalizer_1_2_RightEyeStim_run07_preprocessedFunc.zip,M662/foveaLocalizer_1.2/ldogfunc/M662_foveaLocalizer_1_2_RightEyeStim_run08_preprocessedFunc.zip,M662/foveaLocalizer_1.3/ldogfunc/M662_foveaLocalizer_1_3_RightEyeStim_run13_preprocessedFunc.zip,M662/foveaLocalizer_1.3/ldogfunc/M662_foveaLocalizer_1_3_RightEyeStim_run14_preprocessedFunc.zip,M662/foveaLocalizer_1.3/ldogfunc/M662_foveaLocalizer_1_3_RightEyeStim_run15_preprocessedFunc.zip,M662/foveaLocalizer_1.3/ldogfunc/M662_foveaLocalizer_1_3_RightEyeStim_run16_preprocessedFunc.zip,,,,,,,,,,,,,lightFluxFlicker_1x112_On=0.mat,'M662_foveaLocalizer_1_rightEyeStim',M662_foveaLocalizer_1_rightEyeStim,
M662,M662/foveaLocalizer_2.1/ldogfunc/M662_foveaLocalizer_2_1_LeftEyeStim_run01_preprocessedFunc.zip,M662/foveaLocalizer_2.1/ldogfunc/M662_foveaLocalizer_2_1_LeftEyeStim_run02_preprocessedFunc.zip,M662/foveaLocalizer_2.1/ldogfunc/M662_foveaLocalizer_2_1_LeftEyeStim_run03_preprocessedFunc.zip,M662/foveaLocalizer_2.1/ldogfunc/M662_foveaLocalizer_2_1_LeftEyeStim_run04_preprocessedFunc.zip,M662/foveaLocalizer_2.1/ldogfunc/M662_foveaLocalizer_2_1_LeftEyeStim_run09_preprocessedFunc.zip,M662/foveaLocalizer_2.1/ldogfunc/M662_foveaLocalizer_2_1_LeftEyeStim_run10_preprocessedFunc.zip,M662/foveaLocalizer_2.1/ldogfunc/M662_foveaLocalizer_2_1_LeftEyeStim_run11_preprocessedFunc.zip,M662/foveaLocalizer_2.1/ldogfunc/M662_foveaLocalizer_2_1_LeftEyeStim_run12_preprocessedFunc.zip,,,,,,,,,,,,,lightFluxFlicker_1x112_On=0.mat,'M662_foveaLocalizer_2_leftEyeStim',M662_foveaLocalizer_2_leftEyeStim,
M662,M662/foveaLocalizer_2.1/ldogfunc/M662_foveaLocalizer_2_1_RightEyeStim_run05_preprocessedFunc.zip,M662/foveaLocalizer_2.1/ldogfunc/M662_foveaLocalizer_2_1_RightEyeStim_run06_preprocessedFunc.zip,M662/foveaLocalizer_2.1/ldogfunc/M662_foveaLocalizer_2_1_RightEyeStim_run07_preprocessedFunc.zip,M662/foveaLocalizer_2.1/ldogfunc/M662_foveaLocalizer_2_1_RightEyeStim_run08_preprocessedFunc.zip,,,,,,,,,,,,,,,,,lightFluxFlicker_1x112_On=0.mat,'M662_foveaLocalizer_2_rightEyeStim',M662_foveaLocalizer_2_rightEyeStim,
M662,M662/foveaLocalizer_3.1/ldogfunc/M662_foveaLocalizer_3_1_LeftEyeStim_run01_preprocessedFunc.zip,M662/foveaLocalizer_3.1/ldogfunc/M662_foveaLocalizer_3_1_LeftEyeStim_run02_preprocessedFunc.zip,M662/foveaLocalizer_3.1/ldogfunc/M662_foveaLocalizer_3_1_LeftEyeStim_run03_preprocessedFunc.zip,M662/foveaLocalizer_3.1/ldogfunc/M662_foveaLocalizer_3_1_LeftEyeStim_run04_preprocessedFunc.zip,M662/foveaLocalizer_3.1/ldogfunc/M662_foveaLocalizer_3_1_LeftEyeStim_run09_preprocessedFunc.zip,M662/foveaLocalizer_3.1/ldogfunc/M662_foveaLocalizer_3_1_LeftEyeStim_run10_preprocessedFunc.zip,M662/foveaLocalizer_3.1/ldogfunc/M662_foveaLocalizer_3_1_LeftEyeStim_run11_preprocessedFunc.zip,M662/foveaLocalizer_3.1/ldogfunc/M662_foveaLocalizer_3_1_LeftEyeStim_run12_preprocessedFunc.zip,,,,,,,,,,,,,lightFluxFlicker_1x112_On=0.mat,'M662_foveaLocalizer_3_leftEyeStim',M662_foveaLocalizer_3_leftEyeStim,
M662,M662/foveaLocalizer_3.1/ldogfunc/M662_foveaLocalizer_3_1_RightEyeStim_run05_preprocessedFunc.zip,M662/foveaLocalizer_3.1/ldogfunc/M662_foveaLocalizer_3_1_RightEyeStim_run06_preprocessedFunc.zip,M662/foveaLocalizer_3.1/ldogfunc/M662_foveaLocalizer_3_1_RightEyeStim_run07_preprocessedFunc.zip,M662/foveaLocalizer_3.1/ldogfunc/M662_foveaLocalizer_3_1_RightEyeStim_run08_preprocessedFunc.zip,M662/foveaLocalizer_3.1/ldogfunc/M662_foveaLocalizer_3_1_RightEyeStim_run13_preprocessedFunc.zip,M662/foveaLocalizer_3.1/ldogfunc/M662_foveaLocalizer_3_1_RightEyeStim_run14_preprocessedFunc.zip,M662/foveaLocalizer_3.1/ldogfunc/M662_foveaLocalizer_3_1_RightEyeStim_run15_preprocessedFunc.zip,M662/foveaLocalizer_3.1/ldogfunc/M662_foveaLocalizer_3_1_RightEyeStim_run16_preprocessedFunc.zip,,,,,,,,,,,,,lightFluxFlicker_1x112_On=0.mat,'M662_foveaLocalizer_3_rightEyeStim',M662_foveaLocalizer_3_rightEyeStim,
M662,M662/lightFluxFlicker/ldogfunc/M662_lightFluxFlicker_RightEyeStim_run01_preprocessedFunc.zip,M662/lightFluxFlicker/ldogfunc/M662_lightFluxFlicker_RightEyeStim_run02_preprocessedFunc.zip,M662/lightFluxFlicker/ldogfunc/M662_lightFluxFlicker_RightEyeStim_run03_preprocessedFunc.zip,M662/lightFluxFlicker/ldogfunc/M662_lightFluxFlicker_RightEyeStim_run04_preprocessedFunc.zip,,,,,,,,,,,,,,,,,lightFluxFlicker_1x112_On=0.mat,'M662_lightFluxFlicker_rightEyeStim',M662_lightFluxFlicker_rightEyeStim,
